State/UT,District,Population,Male,Female,Literate,Literate_Male,Literate_Female,Households,Young_and_Adult,Middle_Aged,Senior_Citizen
Jammu and Kashmir,Kupwara,870354.0,474190.0,396164.0,439654.0,282823.0,156831.0,,600759.0,178435.0,89679.0
Jammu and Kashmir,Badgam,,,355704.0,335649.0,207741.0,127908.0,187839.0,503223.0,160933.0,88978.0
Laddakh,Leh(Ladakh),133487.0,78971.0,54516.0,93770.0,62834.0,30936.0,54394.0,70703.0,41515.0,302007.5894909688
Laddakh,Kargil,,,63017.0,86236.0,56301.0,29935.0,48144.0,87532.0,35561.0,17488.0
Jammu and Kashmir,Punch,476835.0,251899.0,224936.0,261724.0,163333.0,98391.0,147408.0,304979.0,109818.0,61334.0
Jammu and Kashmir,Rajouri,642415.0,345351.0,297064.0,364109.0,224469.0,139640.0,213578.0,404903.0,153165.0,83319.0
Jammu and Kashmir,Kathua,616435.0,326109.0,290326.0,389204.0,228499.0,160705.0,214847.0,357864.0,160123.0,97684.0
Jammu and Kashmir,Baramula,1008039.0,534733.0,473306.0,545149.0,337170.0,207979.0,259475.0,636524.0,239659.0,130513.0
Jammu and Kashmir,Bandipore,392232.0,207680.0,184552.0,185979.0,117058.0,68921.0,98076.0,252378.0,481801.44590163935,48802.0
Jammu and Kashmir,Srinagar,1236829.0,651124.0,585705.0,748584.0,431746.0,316838.0,262239.0,693238.0,351561.0,190330.0
Jammu and Kashmir,Ganderbal,297446.0,158720.0,138726.0,,,52695.0,77346.0,194165.0,66945.0,35911.0
Jammu and Kashmir,Pulwama,560440.0,293064.0,267376.0,293958.0,178326.0,115632.0,169223.0,342601.0,481801.44590163935,302007.5894909688
Jammu and Kashmir,Shupiyan,266215.0,136480.0,129735.0,136500.0,80355.0,56145.0,80888.0,170086.0,60752.0,35158.0
Jammu and Kashmir,Anantnag,1078692.0,559767.0,518925.0,545532.0,324417.0,221115.0,277733.0,704145.0,239988.0,133519.0
Jammu and Kashmir,Kulgam,,,206863.0,209085.0,125052.0,84033.0,121130.0,266858.0,99870.0,57253.0
Jammu and Kashmir,Doda,409936.0,213641.0,196295.0,219083.0,138620.0,80463.0,133617.0,263576.0,93189.0,52744.0
Jammu and Kashmir,Ramban,,,134581.0,124065.0,82938.0,41127.0,,188526.0,61604.0,302007.5894909688
Jammu and Kashmir,Kishtwar,,120165.0,,107506.0,68700.0,38806.0,78371.0,1100440.328407225,53415.0,31084.0
Jammu and Kashmir,Udhampur,554985.0,296784.0,258201.0,322354.0,197543.0,124811.0,183360.0,339145.0,140785.0,74757.0
Jammu and Kashmir,Reasi,314667.0,166461.0,148206.0,150542.0,93937.0,56605.0,107833.0,1100440.328407225,70767.0,39743.0
Jammu and Kashmir,Jammu,1529958.0,813821.0,716137.0,1137135.0,641916.0,495219.0,502609.0,816827.0,435895.0,275585.0
Jammu and Kashmir,Samba,318898.0,169124.0,149774.0,228139.0,130312.0,97827.0,114236.0,177277.0,88246.0,53022.0
Himachal Pradesh,Chamba,519080.0,261320.0,257760.0,323842.0,186064.0,137778.0,200231.0,306555.0,130606.0,81566.0
Himachal Pradesh,Kangra,1510075.0,750591.0,759484.0,1152640.0,606443.0,546197.0,627328.0,766581.0,419172.0,319420.0
Himachal Pradesh,Lahul AND Spiti,31564.0,16588.0,14976.0,21845.0,12897.0,8948.0,17434.0,15928.0,481801.44590163935,6200.0
Himachal Pradesh,Kullu,437903.0,225452.0,212451.0,307672.0,174550.0,133122.0,188704.0,244727.0,120510.0,72282.0
Himachal Pradesh,Mandi,999777.0,498065.0,501712.0,723747.0,393669.0,330078.0,462825.0,524285.0,279321.0,194661.0
Himachal Pradesh,Hamirpur,454768.0,217070.0,237698.0,358091.0,180555.0,177536.0,211348.0,224044.0,123941.0,106641.0
Himachal Pradesh,Una,521173.0,263692.0,257481.0,399715.0,213281.0,186434.0,205217.0,273223.0,142351.0,105358.0
Himachal Pradesh,Bilaspur,381956.0,192764.0,189192.0,287620.0,155599.0,132021.0,164445.0,193671.0,107367.0,80497.0
Himachal Pradesh,Solan,580320.0,308754.0,271566.0,,244372.0,,,321533.0,481801.44590163935,90808.0
Himachal Pradesh,Sirmaur,529855.0,276289.0,253566.0,362645.0,205617.0,157028.0,192156.0,1100440.328407225,481801.44590163935,82471.0
Himachal Pradesh,Shimla,814010.0,425039.0,388971.0,612642.0,342846.0,269796.0,375165.0,425721.0,241956.0,145577.0
Himachal Pradesh,Kinnaur,84121.0,46249.0,37872.0,60699.0,36697.0,24002.0,44514.0,42360.0,26599.0,15075.0
Punjab,Gurdaspur,,,1085706.0,1634719.0,907660.0,727059.0,606348.0,1261421.0,611353.0,423301.0
Punjab,Kapurthala,815168.0,426311.0,388857.0,576567.0,316254.0,260313.0,261203.0,433331.0,222324.0,157833.0
Punjab,Jalandhar,2193590.0,1145211.0,1048379.0,1622537.0,882581.0,739956.0,708130.0,1159156.0,616431.0,416449.0
Punjab,Hoshiarpur,1586625.0,809057.0,777568.0,1199699.0,637927.0,561772.0,551265.0,831741.0,422782.0,302007.5894909688
Punjab,Shahid Bhagat Singh Nagar,,313291.0,,438459.0,239155.0,199304.0,231551.0,318597.0,163305.0,128310.0
Punjab,Fatehgarh Sahib,600163.0,320795.0,279368.0,426033.0,238696.0,187337.0,174896.0,321018.0,166781.0,111028.0
Punjab,Ludhiana,3498739.0,1867816.0,1630923.0,2560225.0,1428348.0,1131877.0,1036821.0,1901528.0,980046.0,614258.0
Punjab,Moga,995746.0,525920.0,469826.0,,,279340.0,288439.0,535408.0,258826.0,302007.5894909688
Punjab,Firozpur,2029074.0,1071637.0,957437.0,,,520441.0,502390.0,1171770.0,525459.0,331259.0
Punjab,Muktsar,901896.0,475622.0,426274.0,,,224447.0,224157.0,495167.0,242628.0,162297.0
Punjab,Faridkot,617508.0,326671.0,290837.0,381285.0,215767.0,165518.0,158863.0,336540.0,164962.0,113721.0
Punjab,Bathinda,1388525.0,743197.0,645328.0,844868.0,488261.0,356607.0,355722.0,754927.0,481801.44590163935,255283.0
Punjab,Mansa,769751.0,408732.0,361019.0,423560.0,244037.0,179523.0,196389.0,420050.0,200882.0,146103.0
Punjab,Patiala,1895686.0,1002522.0,893164.0,1266791.0,711052.0,555739.0,517369.0,1042519.0,517079.0,335100.0
Punjab,Amritsar,2490656.0,1318408.0,1172248.0,1684770.0,932981.0,751789.0,660953.0,1100440.328407225,667193.0,436496.0
Punjab,Tarn Taran,1119627.0,589369.0,530258.0,666162.0,376427.0,289735.0,267174.0,641875.0,283645.0,190898.0
Punjab,Rupnagar,684627.0,357485.0,327142.0,502731.0,278534.0,224197.0,208699.0,365300.0,481801.44590163935,131707.0
Punjab,Sahibzada Ajit Singh Nagar,994628.0,529253.0,465375.0,736575.0,409944.0,326631.0,291335.0,540872.0,281462.0,171656.0
Punjab,Sangrur,1655169.0,878029.0,777140.0,1002077.0,570413.0,431664.0,448944.0,904316.0,435148.0,302007.5894909688
Punjab,Barnala,595527.0,317522.0,278005.0,359831.0,201999.0,157832.0,156799.0,322607.0,158413.0,114077.0
Chandigarh,Chandigarh,1055450.0,580663.0,474787.0,805438.0,465346.0,340092.0,298367.0,602411.0,303748.0,148945.0
Uttarakhand,Uttarkashi,330086.0,168597.0,161489.0,215126.0,128237.0,86889.0,121209.0,202426.0,75997.0,51245.0
Uttarakhand,Chamoli,391605.0,193991.0,197614.0,280556.0,155395.0,125161.0,186340.0,229715.0,93182.0,67873.0
Uttarakhand,Rudraprayag,242285.0,114589.0,127696.0,,,79130.0,117159.0,141848.0,54979.0,44986.0
Uttarakhand,Tehri Garhwal,618931.0,297986.0,320945.0,407994.0,227406.0,180588.0,254236.0,368324.0,139371.0,109998.0
Uttarakhand,Dehradun,1696694.0,892199.0,804495.0,,,557290.0,497638.0,968517.0,446046.0,276280.0
Uttarakhand,Garhwal,687271.0,326829.0,360442.0,494889.0,262148.0,232741.0,316462.0,380765.0,160183.0,145445.0
Uttarakhand,Pithoragarh,483439.0,239306.0,244133.0,345550.0,189623.0,155927.0,209943.0,273494.0,116749.0,92517.0
Uttarakhand,Bageshwar,259898.0,124326.0,135572.0,179483.0,97546.0,81937.0,99911.0,147488.0,60569.0,51672.0
Uttarakhand,Almora,622506.0,291081.0,331425.0,436497.0,231604.0,204893.0,281138.0,351595.0,141238.0,128994.0
Uttarakhand,Champawat,259648.0,131125.0,128523.0,177726.0,102015.0,75711.0,98041.0,156916.0,60722.0,41913.0
Uttarakhand,Nainital,954605.0,493666.0,460939.0,696500.0,385779.0,310721.0,298663.0,562548.0,243095.0,147053.0
Uttarakhand,Udham Singh Nagar,1648902.0,858783.0,790119.0,1037839.0,598525.0,439314.0,414659.0,1042614.0,392370.0,212223.0
Uttarakhand,Hardwar,1890422.0,1005295.0,885127.0,1178354.0,691411.0,486943.0,488011.0,1207120.0,435385.0,246229.0
Haryana,Panchkula,561293.0,299679.0,261614.0,405318.0,229862.0,175456.0,164551.0,309078.0,157076.0,93606.0
Haryana,Ambala,,598703.0,,818025.0,461288.0,356737.0,315256.0,617859.0,308126.0,201685.0
Haryana,Yamunanagar,1214205.0,646718.0,567487.0,832457.0,474793.0,357664.0,357723.0,1100440.328407225,317708.0,302007.5894909688
Haryana,Kurukshetra,964655.0,510976.0,453679.0,646893.0,370828.0,276065.0,291821.0,552034.0,250830.0,160216.0
Haryana,Kaithal,1074304.0,571003.0,503301.0,646529.0,385782.0,260747.0,,630194.0,265813.0,176320.0
Haryana,Karnal,1505324.0,797712.0,707612.0,978013.0,564516.0,413497.0,428602.0,884972.0,380409.0,234684.0
Haryana,Panipat,1205437.0,646857.0,558580.0,786599.0,464136.0,322463.0,327306.0,739075.0,298764.0,167244.0
Haryana,Sonipat,1450001.0,781299.0,668702.0,998316.0,589881.0,408435.0,,855201.0,360216.0,233318.0
Haryana,Jind,1334152.0,713006.0,621146.0,832758.0,502049.0,330709.0,368000.0,784085.0,335704.0,213478.0
Haryana,Fatehabad,942011.0,495360.0,446651.0,557578.0,327471.0,230107.0,258380.0,555745.0,237009.0,147469.0
Haryana,Sirsa,1295189.0,682582.0,612607.0,782897.0,456968.0,325929.0,338792.0,750228.0,334344.0,208185.0
Haryana,Hisar,1743931.0,931562.0,812369.0,1114311.0,670200.0,444111.0,,1017830.0,456536.0,265109.0
Haryana,Bhiwani,1634445.0,866672.0,767773.0,1069871.0,643158.0,426713.0,456282.0,964960.0,405760.0,261428.0
Haryana,Rohtak,1061204.0,568479.0,492725.0,747582.0,436025.0,311557.0,,605741.0,269354.0,185685.0
Haryana,Jhajjar,958405.0,514667.0,443738.0,676091.0,399480.0,276611.0,290144.0,549975.0,245095.0,162356.0
Haryana,Mahendragarh,922088.0,486665.0,435423.0,,,249815.0,267942.0,530000.0,229392.0,161258.0
Haryana,Rewari,900332.0,474335.0,425997.0,,,261494.0,268754.0,518747.0,230704.0,150557.0
Haryana,Gurgaon,1514432.0,816690.0,697742.0,1111116.0,638666.0,472450.0,523691.0,875531.0,481801.44590163935,210307.0
Haryana,Mewat,1089263.0,571162.0,518101.0,454897.0,308435.0,146462.0,223635.0,790930.0,186916.0,110688.0
Haryana,Faridabad,1809733.0,966110.0,843623.0,1272739.0,734940.0,537799.0,470681.0,1095602.0,481318.0,231029.0
Haryana,Palwal,1042708.0,554497.0,488211.0,599796.0,379696.0,220100.0,249159.0,684189.0,224043.0,133913.0
Nct Of Delhi,North West,3656539.0,1960922.0,1695617.0,,1541952.0,,1026867.0,2138591.0,1013424.0,503055.0
Nct Of Delhi,North,887978.0,475002.0,412976.0,681517.0,381615.0,299902.0,301071.0,506601.0,256501.0,124513.0
Nct Of Delhi,North East,2241624.0,1188425.0,1053199.0,1611588.0,912481.0,699107.0,487581.0,1100440.328407225,581016.0,264663.0
Nct Of Delhi,East,,,801846.0,1352998.0,748382.0,604616.0,462218.0,948963.0,497157.0,262124.0
Nct Of Delhi,New Delhi,142004.0,77942.0,64062.0,,65678.0,,52664.0,76076.0,43913.0,21773.0
Nct Of Delhi,Central,582320.0,307821.0,274499.0,442360.0,240518.0,201842.0,194897.0,317650.0,169533.0,94448.0
Nct Of Delhi,West,2543243.0,1356240.0,1187003.0,1961179.0,1093933.0,867246.0,701512.0,1399165.0,732515.0,408953.0
Nct Of Delhi,South West,2292958.0,1246046.0,1046912.0,1787689.0,1025261.0,762428.0,647682.0,1296955.0,683209.0,308675.0
Nct Of Delhi,South,2731929.0,1467428.0,1264501.0,2078402.0,1185036.0,893366.0,731063.0,1588001.0,785085.0,355602.0
Rajasthan,Ganganagar,1969168.0,1043340.0,925828.0,1193343.0,710908.0,482435.0,562594.0,1167889.0,502211.0,302007.5894909688
Rajasthan,Hanumangarh,1774692.0,931184.0,843508.0,,624281.0,,497753.0,1058044.0,453114.0,242361.0
Rajasthan,Bikaner,2363937.0,1240801.0,1123136.0,1278801.0,782399.0,496402.0,531933.0,1543867.0,517271.0,288165.0
Rajasthan,Churu,2039547.0,1051446.0,988101.0,1149269.0,696729.0,452540.0,493893.0,1293193.0,458725.0,272176.0
Rajasthan,Jhunjhunun,2137045.0,1095896.0,1041149.0,1370360.0,815834.0,554526.0,,1298780.0,494124.0,330126.0
Rajasthan,Alwar,3674179.0,1939026.0,1735153.0,2182476.0,1359829.0,822647.0,995261.0,2346721.0,481801.44590163935,490137.0
Rajasthan,Bharatpur,2548462.0,1355726.0,1192736.0,1480869.0,943910.0,536959.0,,1659515.0,546362.0,329127.0
Rajasthan,Dhaulpur,1206516.0,653647.0,552869.0,683098.0,435721.0,247377.0,273296.0,815651.0,248416.0,141365.0
Rajasthan,Karauli,1458248.0,783639.0,674609.0,805849.0,531904.0,273945.0,364355.0,947173.0,310688.0,192042.0
Rajasthan,Sawai Madhopur,1335551.0,704031.0,631520.0,741748.0,486184.0,255564.0,353321.0,841697.0,309237.0,302007.5894909688
Rajasthan,Dausa,1634409.0,857787.0,776622.0,938051.0,596935.0,341116.0,420694.0,1047136.0,358718.0,210117.0
Rajasthan,Jaipur,,3468507.0,,4300965.0,2554793.0,1746172.0,1732679.0,4091148.0,1646480.0,302007.5894909688
Rajasthan,Sikar,2677333.0,1374990.0,1302343.0,1652117.0,995275.0,656842.0,705834.0,1672813.0,605002.0,381226.0
Rajasthan,Nagaur,,,1611418.0,,,655874.0,842201.0,2088323.0,754143.0,463469.0
Rajasthan,Jodhpur,3687165.0,1923928.0,1763237.0,2031532.0,1265753.0,765779.0,,2359786.0,836322.0,489280.0
Rajasthan,Jaisalmer,669919.0,361708.0,308211.0,308653.0,210415.0,98238.0,189947.0,448969.0,140294.0,79977.0
Rajasthan,Barmer,2603751.0,1369022.0,1234729.0,1188322.0,783461.0,404861.0,598805.0,1731122.0,527629.0,326476.0
Rajasthan,Jalor,1828730.0,936634.0,892096.0,829582.0,543923.0,285659.0,467418.0,1176496.0,390598.0,249379.0
Rajasthan,Sirohi,1036346.0,534231.0,502115.0,476806.0,309900.0,166906.0,308174.0,649290.0,244401.0,142251.0
Rajasthan,Pali,2037573.0,1025422.0,1012151.0,1085693.0,667381.0,418312.0,652717.0,1207983.0,467436.0,343384.0
Rajasthan,Ajmer,2583052.0,1324085.0,1258967.0,1526673.0,926268.0,600405.0,684254.0,1561077.0,629951.0,388040.0
Rajasthan,Tonk,,728136.0,,,478329.0,,380666.0,880194.0,334006.0,205593.0
Rajasthan,Bundi,1110906.0,577160.0,533746.0,585044.0,371705.0,213339.0,303288.0,686771.0,267648.0,155958.0
Rajasthan,Bhilwara,2408523.0,1220736.0,1187787.0,1256126.0,777582.0,478544.0,675880.0,1439454.0,589476.0,365023.0
Rajasthan,Rajsamand,1156597.0,581339.0,575258.0,619139.0,383334.0,235805.0,365676.0,687165.0,275099.0,193668.0
Rajasthan,Dungarpur,1388552.0,696532.0,692020.0,681591.0,415820.0,265771.0,354363.0,868458.0,317700.0,191917.0
Rajasthan,Banswara,1797485.0,907754.0,889731.0,829343.0,513854.0,315489.0,429844.0,1153029.0,406214.0,216554.0
Rajasthan,Chittaurgarh,1544338.0,783171.0,761167.0,,514851.0,,455653.0,880043.0,398303.0,258997.0
Rajasthan,Kota,1951014.0,1021161.0,929853.0,1298345.0,765396.0,532949.0,515189.0,1177474.0,495896.0,275396.0
Rajasthan,Baran,1222755.0,633945.0,588810.0,693307.0,432607.0,260700.0,318988.0,762204.0,286344.0,173100.0
Rajasthan,Jhalawar,,725143.0,,739792.0,466815.0,272977.0,362387.0,850546.0,346110.0,213674.0
Rajasthan,Udaipur,3068420.0,1566801.0,1501619.0,1582629.0,973444.0,609185.0,848218.0,1876436.0,739287.0,451034.0
Rajasthan,Pratapgarh,867848.0,437744.0,430104.0,401515.0,250122.0,151393.0,234082.0,1100440.328407225,204801.0,115608.0
Uttar Pradesh,Saharanpur,3466382.0,1834106.0,1632276.0,2077108.0,1220114.0,856994.0,889238.0,1100440.328407225,769736.0,433862.0
Uttar Pradesh,Muzaffarnagar,4143512.0,2193434.0,1950078.0,2417339.0,1448528.0,968811.0,969850.0,2671757.0,911621.0,544283.0
Uttar Pradesh,Bijnor,3682713.0,1921215.0,1761498.0,2135393.0,1241471.0,893922.0,908523.0,2404576.0,786305.0,450186.0
Uttar Pradesh,Moradabad,4772006.0,2503186.0,2268820.0,2263848.0,1357435.0,906413.0,,3168270.0,988486.0,525574.0
Uttar Pradesh,Rampur,2335819.0,1223889.0,1111930.0,1043666.0,630408.0,413258.0,539992.0,1576123.0,491164.0,258913.0
Uttar Pradesh,Jyotiba Phule Nagar,1840221.0,963449.0,876772.0,983110.0,600541.0,382569.0,451374.0,1227283.0,391275.0,215849.0
Uttar Pradesh,Meerut,3443689.0,1825743.0,1617946.0,2141488.0,1254520.0,886968.0,803823.0,2165117.0,780475.0,451827.0
Uttar Pradesh,Baghpat,1303048.0,700070.0,602978.0,797970.0,489858.0,308112.0,316046.0,817140.0,283276.0,194548.0
Uttar Pradesh,Ghaziabad,4681645.0,2488834.0,2192811.0,3123264.0,1811397.0,1311867.0,1191723.0,2891069.0,1139871.0,559963.0
Uttar Pradesh,Gautam Buddha Nagar,1648115.0,890214.0,757901.0,1122947.0,666065.0,456882.0,509770.0,1015648.0,402967.0,188862.0
Uttar Pradesh,Bulandshahr,3499171.0,1845260.0,1653911.0,2031656.0,1253314.0,778342.0,880077.0,2246254.0,753949.0,472808.0
Uttar Pradesh,Aligarh,3673889.0,1951996.0,1721893.0,2092567.0,1283380.0,809187.0,858059.0,2378289.0,787408.0,472667.0
Uttar Pradesh,Mahamaya Nagar,1564708.0,836127.0,728581.0,942572.0,579157.0,363415.0,373033.0,1011157.0,339137.0,210083.0
Uttar Pradesh,Mathura,2547184.0,1367125.0,1180059.0,1507746.0,943346.0,564400.0,585290.0,1600686.0,535738.0,327854.0
Uttar Pradesh,Agra,4418797.0,2364953.0,2053844.0,2680510.0,1614594.0,1065916.0,903823.0,2871903.0,991255.0,547873.0
Uttar Pradesh,Firozabad,2498156.0,1332046.0,1166110.0,1521806.0,912314.0,609492.0,535368.0,1621154.0,543730.0,312689.0
Uttar Pradesh,Mainpuri,1868529.0,993377.0,875152.0,1203885.0,712110.0,491775.0,411258.0,1193660.0,402321.0,265638.0
Uttar Pradesh,Budaun,,,1714137.0,1547477.0,986501.0,560976.0,867624.0,2436051.0,748408.0,424194.0
Uttar Pradesh,Bareilly,4448359.0,2357665.0,2090694.0,2191759.0,1342697.0,849062.0,994411.0,2893965.0,952233.0,514141.0
Uttar Pradesh,Pilibhit,2031007.0,1072002.0,959005.0,1061095.0,654290.0,406805.0,461390.0,1320476.0,449673.0,256276.0
Uttar Pradesh,Shahjahanpur,,,1400135.0,1490930.0,915142.0,575788.0,,1961237.0,652237.0,368743.0
Uttar Pradesh,Kheri,4021243.0,2123187.0,1898056.0,2034044.0,1237157.0,796887.0,862610.0,2582597.0,896611.0,510832.0
Uttar Pradesh,Sitapur,4483992.0,2375264.0,2108728.0,2283733.0,1397702.0,886031.0,938902.0,2862383.0,1000987.0,588318.0
Uttar Pradesh,Hardoi,4092845.0,2191442.0,1901403.0,2221601.0,1374587.0,847014.0,907677.0,2598364.0,905306.0,559988.0
Uttar Pradesh,Unnao,3108367.0,1630087.0,1478280.0,1773584.0,1053063.0,720521.0,,1893706.0,706851.0,453462.0
Uttar Pradesh,Lucknow,4589838.0,2394476.0,2195362.0,3127260.0,1742440.0,1384820.0,1061721.0,2678289.0,1161686.0,685258.0
Uttar Pradesh,Rae Bareli,3405559.0,1752542.0,1653017.0,1965843.0,1165965.0,799878.0,778418.0,2116007.0,776583.0,506583.0
Uttar Pradesh,Farrukhabad,1885204.0,1006240.0,878964.0,1092677.0,654827.0,437850.0,411490.0,1224584.0,411153.0,246795.0
Uttar Pradesh,Kannauj,1656616.0,881776.0,774840.0,1017087.0,603596.0,413491.0,365770.0,1069916.0,361028.0,223535.0
Uttar Pradesh,Etawah,1581810.0,845856.0,735954.0,1062003.0,623583.0,438420.0,351126.0,979633.0,362026.0,237786.0
Uttar Pradesh,Auraiya,1379545.0,740040.0,639505.0,930836.0,546198.0,384638.0,314274.0,856336.0,320763.0,202054.0
Uttar Pradesh,Kanpur Dehat,1796184.0,963255.0,832929.0,1170243.0,692964.0,477279.0,405256.0,1100820.0,415918.0,276272.0
Uttar Pradesh,Kanpur Nagar,4581268.0,2459806.0,2121462.0,3243022.0,1829179.0,1413843.0,1049775.0,2630411.0,1209554.0,731795.0
Uttar Pradesh,Jalaun,1689974.0,906092.0,783882.0,1075196.0,653430.0,421766.0,396421.0,1100440.328407225,410090.0,274954.0
Uttar Pradesh,Jhansi,,1057436.0,,1304513.0,783705.0,520808.0,504913.0,1171301.0,510728.0,308331.0
Uttar Pradesh,Lalitpur,,,580581.0,641191.0,397586.0,243605.0,301832.0,793551.0,265080.0,159666.0
Uttar Pradesh,Hamirpur,1104285.0,593537.0,510748.0,653299.0,408125.0,245174.0,,660774.0,260368.0,181109.0
Uttar Pradesh,Mahoba,875958.0,466358.0,409600.0,488106.0,302283.0,185823.0,246823.0,527067.0,201394.0,137393.0
Uttar Pradesh,Banda,1799410.0,965876.0,833534.0,1002937.0,630626.0,372311.0,445625.0,1120432.0,408527.0,265310.0
Uttar Pradesh,Chitrakoot,991730.0,527721.0,464009.0,,,200733.0,230795.0,1100440.328407225,214228.0,136669.0
Uttar Pradesh,Fatehpur,2632733.0,1384722.0,1248011.0,1512166.0,911003.0,601163.0,636540.0,1624830.0,603831.0,395547.0
Uttar Pradesh,Pratapgarh,,,1603056.0,1931559.0,1121381.0,810178.0,752786.0,2002569.0,703727.0,492097.0
Uttar Pradesh,Kaushambi,,838485.0,,813424.0,507279.0,306145.0,380620.0,1034099.0,336401.0,210556.0
Uttar Pradesh,Allahabad,5954391.0,3131807.0,2822584.0,3665727.0,2199340.0,1466387.0,1248570.0,3764404.0,1335224.0,818137.0
Uttar Pradesh,Bara Banki,3260699.0,1707073.0,1553626.0,1692458.0,1010518.0,681940.0,714908.0,2043335.0,709494.0,445269.0
Uttar Pradesh,Faizabad,2470996.0,1259628.0,1211368.0,1450901.0,838339.0,612562.0,589666.0,1534832.0,543148.0,367332.0
Uttar Pradesh,Ambedkar Nagar,2397888.0,1212410.0,1185478.0,1486939.0,846676.0,640263.0,566590.0,1499494.0,515229.0,367234.0
Uttar Pradesh,Sultanpur,3797117.0,1914586.0,1882531.0,2239902.0,1300248.0,939654.0,889628.0,2376875.0,828222.0,580164.0
Uttar Pradesh,Bahraich,3487731.0,1843884.0,1643847.0,1398368.0,878285.0,520083.0,760262.0,2275746.0,754346.0,446242.0
Uttar Pradesh,Shrawasti,1117361.0,593897.0,523464.0,423313.0,276700.0,146613.0,257274.0,723443.0,245098.0,143979.0
Uttar Pradesh,Balrampur,,1114721.0,,,,323414.0,445838.0,1415213.0,442339.0,283947.0
Uttar Pradesh,Gonda,3433919.0,1787146.0,1646773.0,1679994.0,1034181.0,645813.0,726372.0,2223078.0,734903.0,464584.0
Uttar Pradesh,Siddharthnagar,2559297.0,1295095.0,1264202.0,1228926.0,740718.0,488208.0,513513.0,1690396.0,504002.0,359977.0
Uttar Pradesh,Basti,2464464.0,1255272.0,1209192.0,1393783.0,819719.0,574064.0,,1574037.0,519265.0,363891.0
Uttar Pradesh,Sant Kabir Nagar,1715183.0,869656.0,845527.0,954949.0,567098.0,387851.0,,1108368.0,352395.0,250502.0
Uttar Pradesh,Mahrajganj,2684703.0,1381754.0,1302949.0,1419144.0,881674.0,537470.0,607079.0,1694493.0,595114.0,370573.0
Uttar Pradesh,Gorakhpur,4440895.0,2277777.0,2163118.0,2700328.0,1593890.0,1106438.0,951128.0,2755630.0,992114.0,659677.0
Uttar Pradesh,Kushinagar,3564544.0,1818055.0,1746489.0,1954820.0,1183722.0,771098.0,,2236842.0,772777.0,500373.0
Uttar Pradesh,Deoria,3100946.0,1537436.0,1563510.0,,1079288.0,,665706.0,1946336.0,664708.0,481219.0
Uttar Pradesh,Azamgarh,4613913.0,2285004.0,2328909.0,2771917.0,1559414.0,1212503.0,971458.0,2930243.0,965876.0,699954.0
Uttar Pradesh,Mau,2205968.0,1114709.0,1091259.0,1363044.0,773082.0,589962.0,451528.0,1402738.0,467343.0,302007.5894909688
Uttar Pradesh,Ballia,3239774.0,1672902.0,1566872.0,1963590.0,1160960.0,802630.0,629381.0,1975934.0,724362.0,502628.0
Uttar Pradesh,Jaunpur,4494204.0,2220465.0,2273739.0,2731677.0,1565394.0,1166283.0,1006670.0,2826453.0,927026.0,689979.0
Uttar Pradesh,Ghazipur,3620268.0,1855075.0,1765193.0,2197549.0,1293553.0,903996.0,761640.0,2234593.0,774130.0,556273.0
Uttar Pradesh,Chandauli,1952756.0,1017905.0,934851.0,1174606.0,699454.0,475152.0,395759.0,1222695.0,437000.0,287767.0
Uttar Pradesh,Varanasi,3676841.0,1921857.0,1754984.0,2403903.0,1389116.0,1014787.0,755064.0,2260457.0,856070.0,531549.0
Uttar Pradesh,Sant Ravidas Nagar (Bhadohi),1578213.0,807099.0,771114.0,910146.0,546782.0,363364.0,339507.0,1032294.0,331743.0,209920.0
Uttar Pradesh,Mirzapur,,1312302.0,,1428683.0,865837.0,562846.0,543115.0,1590528.0,552177.0,346773.0
Uttar Pradesh,Sonbhadra,1862559.0,971344.0,891215.0,985708.0,601988.0,383720.0,428088.0,1203938.0,418914.0,237866.0
Uttar Pradesh,Etah,1774480.0,947339.0,827141.0,1055202.0,647042.0,408160.0,401998.0,1149372.0,383707.0,237427.0
Uttar Pradesh,Kanshiram Nagar,1436719.0,764165.0,672554.0,,,272047.0,,946320.0,301252.0,183434.0
Bihar,Pashchim Champaran,,2061110.0,,1759481.0,1091226.0,668255.0,936134.0,2544205.0,888205.0,497793.0
Bihar,Purba Champaran,5099371.0,2681209.0,2418162.0,2276957.0,1407603.0,869354.0,1243825.0,3316422.0,1122340.0,648009.0
Bihar,Sheohar,656246.0,346673.0,309573.0,283698.0,171645.0,112053.0,166000.0,421241.0,139909.0,93398.0
Bihar,Sitamarhi,,1803252.0,,1436794.0,885188.0,551606.0,,2206340.0,739982.0,449035.0
Bihar,Madhubani,4487379.0,2329313.0,2158066.0,2155338.0,1340085.0,815253.0,1088786.0,2860455.0,481801.44590163935,611899.0
Bihar,Supaul,2229076.0,1155283.0,1073793.0,1033283.0,647672.0,385611.0,600102.0,1453438.0,495020.0,277610.0
Bihar,Araria,2811569.0,1463333.0,1348236.0,,,468125.0,,1872943.0,612012.0,324091.0
Bihar,Kishanganj,1690400.0,866970.0,823430.0,745056.0,439921.0,305135.0,445150.0,1139615.0,361114.0,188447.0
Bihar,Purnia,3264619.0,1699370.0,1565249.0,1332326.0,805261.0,527065.0,,2155512.0,481801.44590163935,372692.0
Bihar,Katihar,3071029.0,1600430.0,1470599.0,1280190.0,762256.0,517934.0,,2054202.0,660403.0,353483.0
Bihar,Madhepura,2001762.0,1047559.0,954203.0,834577.0,517666.0,316911.0,510278.0,1311771.0,444235.0,242382.0
Bihar,Saharsa,1900661.0,997174.0,903487.0,804996.0,506374.0,298622.0,470697.0,1249692.0,415863.0,233870.0
Bihar,Darbhanga,3937385.0,2059949.0,1877436.0,1816634.0,1125566.0,691068.0,1002713.0,2535344.0,865971.0,529314.0
Bihar,Muzaffarpur,4801062.0,2527497.0,2273565.0,2509232.0,1487117.0,1022115.0,1119394.0,3016735.0,1079189.0,697108.0
Bihar,Gopalganj,2562012.0,1267666.0,1294346.0,1382998.0,793905.0,589093.0,554058.0,1642807.0,546202.0,370662.0
Bihar,Siwan,,1675090.0,,1930175.0,1115906.0,814269.0,674372.0,2115448.0,713597.0,498299.0
Bihar,Saran,3951862.0,2022821.0,1929041.0,2157454.0,1285767.0,871687.0,777622.0,2516115.0,847031.0,585386.0
Bihar,Vaishali,3495021.0,1844535.0,1650486.0,1926740.0,1152576.0,774164.0,750811.0,2176701.0,759132.0,486032.0
Bihar,Samastipur,4261566.0,2230003.0,2031563.0,2142880.0,1293575.0,849305.0,1056465.0,2766930.0,913339.0,568812.0
Bihar,Begusarai,2970541.0,1567660.0,1402881.0,1548673.0,918507.0,630166.0,733625.0,1951688.0,644874.0,369996.0
Bihar,Khagaria,1666886.0,883786.0,783100.0,768028.0,461153.0,306875.0,394703.0,1114645.0,355531.0,195796.0
Bihar,Bhagalpur,,1615663.0,,1573066.0,937669.0,635397.0,653161.0,1952879.0,674660.0,397654.0
Bihar,Banka,2034763.0,1067140.0,967623.0,965321.0,590961.0,374360.0,444096.0,1291235.0,462080.0,278863.0
Bihar,Munger,1367765.0,729041.0,638724.0,801817.0,473741.0,328076.0,308063.0,860147.0,316713.0,188319.0
Bihar,Lakhisarai,,526345.0,,507270.0,305182.0,202088.0,207645.0,650642.0,218840.0,130655.0
Bihar,Sheikhpura,636342.0,329743.0,306599.0,,,132245.0,132638.0,413475.0,136898.0,85045.0
Bihar,Nalanda,2877653.0,1497060.0,1380593.0,1519933.0,919558.0,600375.0,,1829128.0,642197.0,403129.0
Bihar,Patna,5838465.0,3078512.0,2759953.0,3459679.0,2028047.0,1431632.0,1210094.0,1100440.328407225,1382654.0,815638.0
Bihar,Bhojpur,2728407.0,1430380.0,1298027.0,1599151.0,973486.0,625665.0,511927.0,1722387.0,613072.0,387389.0
Bihar,Buxar,1706352.0,887977.0,818375.0,989807.0,593544.0,396263.0,334657.0,1074754.0,375372.0,253998.0
Bihar,Kaimur (Bhabua),1626384.0,847006.0,779378.0,920276.0,549923.0,370353.0,340442.0,1039302.0,353413.0,226808.0
Bihar,Rohtas,2959918.0,1543546.0,1416372.0,1799832.0,1061783.0,738049.0,608061.0,1875174.0,673742.0,407193.0
Bihar,Aurangabad,2540073.0,1318684.0,1221389.0,1466002.0,868733.0,597269.0,477297.0,1626969.0,481801.44590163935,340948.0
Bihar,Gaya,4391418.0,2266566.0,2124852.0,2297613.0,1368803.0,928810.0,807571.0,2810026.0,936630.0,537333.0
Bihar,Nawada,2219146.0,1144668.0,1074478.0,1091012.0,659474.0,431538.0,,1440781.0,485628.0,288805.0
Bihar,Jamui,1760405.0,916064.0,844341.0,858588.0,534385.0,324203.0,,1135919.0,481801.44590163935,227016.0
Bihar,Jehanabad,1125313.0,585582.0,539731.0,618881.0,374412.0,244469.0,214792.0,714244.0,254582.0,155106.0
Bihar,Arwal,,363497.0,,386351.0,235279.0,151072.0,144294.0,444448.0,156031.0,98550.0
Sikkim,North  District,43709.0,24730.0,18979.0,30450.0,18579.0,11871.0,13609.0,27099.0,11674.0,4887.0
Sikkim,West District,136435.0,70238.0,66197.0,,51988.0,,33977.0,84209.0,32520.0,19400.0
Sikkim,South District,146850.0,76670.0,70180.0,106741.0,59357.0,47384.0,39298.0,87982.0,37318.0,302007.5894909688
Sikkim,East District,,151432.0,,214329.0,121345.0,92984.0,82138.0,165520.0,80354.0,37456.0
Arunachal Pradesh,Tawang,,,20826.0,26073.0,17720.0,8353.0,13182.0,30709.0,13849.0,5399.0
Arunachal Pradesh,West Kameng,83947.0,46155.0,37792.0,48492.0,29566.0,18926.0,,53026.0,22362.0,8493.0
Arunachal Pradesh,East Kameng,78690.0,38775.0,39915.0,38449.0,21599.0,16850.0,19718.0,53752.0,17922.0,6960.0
Arunachal Pradesh,Papum Pare,176573.0,89182.0,87391.0,121048.0,65794.0,55254.0,,120592.0,43812.0,11856.0
Arunachal Pradesh,Upper Subansiri,83448.0,41758.0,41690.0,45278.0,24807.0,20471.0,19214.0,56054.0,20055.0,7230.0
Arunachal Pradesh,West Siang,112274.0,58168.0,54106.0,,36777.0,,30775.0,70415.0,28305.0,13469.0
Arunachal Pradesh,East Siang,99214.0,50116.0,49098.0,62576.0,34210.0,28366.0,,61993.0,25334.0,11802.0
Arunachal Pradesh,Upper Siang,35320.0,18699.0,16621.0,18195.0,10723.0,7472.0,10751.0,21090.0,8910.0,5252.0
Arunachal Pradesh,Changlang,148226.0,76948.0,71278.0,73174.0,44027.0,29147.0,39920.0,96630.0,35018.0,16414.0
Arunachal Pradesh,Tirap,111975.0,57604.0,54371.0,,29313.0,,24920.0,71785.0,25669.0,14423.0
Arunachal Pradesh,Lower Subansiri,83030.0,41843.0,41187.0,54057.0,29470.0,24587.0,,55258.0,20305.0,7412.0
Arunachal Pradesh,Kurung Kumey,92076.0,45318.0,46758.0,36606.0,20258.0,16348.0,19695.0,64379.0,20713.0,6836.0
Arunachal Pradesh,Dibang Valley,8004.0,4414.0,3590.0,4436.0,2614.0,1822.0,3230.0,5113.0,2088.0,786.0
Arunachal Pradesh,Lower Dibang Valley,54080.0,28053.0,26027.0,31849.0,18087.0,13762.0,15950.0,35140.0,13254.0,5652.0
Arunachal Pradesh,Lohit,145726.0,76221.0,69505.0,83062.0,48380.0,34682.0,44971.0,1100440.328407225,35493.0,15195.0
Arunachal Pradesh,Anjaw,21167.0,11507.0,9660.0,9990.0,6523.0,3467.0,,13913.0,4755.0,2456.0
Nagaland,Mon,250260.0,131753.0,118507.0,119626.0,67432.0,52194.0,51022.0,168773.0,53600.0,27437.0
Nagaland,Mokokchung,194622.0,101092.0,93530.0,159494.0,83479.0,76015.0,,111243.0,52853.0,30363.0
Nagaland,Zunheboto,140757.0,71217.0,69540.0,102881.0,53504.0,49377.0,37311.0,91709.0,32267.0,16730.0
Nagaland,Wokha,166343.0,84505.0,81838.0,128208.0,67385.0,60823.0,46669.0,106951.0,40510.0,18811.0
Nagaland,Dimapur,378811.0,197394.0,181417.0,278037.0,150142.0,127895.0,111969.0,243392.0,98601.0,36618.0
Nagaland,Phek,,,79675.0,105893.0,57926.0,47967.0,46198.0,108514.0,37842.0,16969.0
Nagaland,Tuensang,196596.0,101933.0,94663.0,117511.0,63653.0,53858.0,,134573.0,43210.0,18762.0
Nagaland,Longleng,50484.0,26502.0,23982.0,29859.0,16139.0,13720.0,15137.0,33970.0,481801.44590163935,5271.0
Nagaland,Kiphire,74004.0,37830.0,36174.0,41232.0,22675.0,18557.0,20322.0,52699.0,14955.0,6309.0
Nagaland,Kohima,267988.0,138966.0,129022.0,197489.0,107038.0,90451.0,76100.0,173701.0,68485.0,302007.5894909688
Nagaland,Peren,95219.0,49714.0,45505.0,62204.0,34584.0,27620.0,24277.0,64393.0,21597.0,302007.5894909688
Manipur,Senapati,479148.0,247323.0,231825.0,264477.0,148012.0,116465.0,39834.0,314439.0,111516.0,52008.0
Manipur,Tamenglong,140651.0,72371.0,68280.0,85006.0,47403.0,37603.0,28101.0,90273.0,33290.0,16924.0
Manipur,Churachandpur,274143.0,138820.0,135323.0,195935.0,104013.0,91922.0,57825.0,168608.0,67802.0,37096.0
Manipur,Bishnupur,237399.0,118782.0,118617.0,156333.0,87313.0,69020.0,56149.0,135220.0,62907.0,38815.0
Manipur,Thoubal,422168.0,210845.0,211323.0,269304.0,152617.0,116687.0,104263.0,251975.0,107196.0,62060.0
Manipur,Imphal West,517992.0,255054.0,262938.0,392626.0,205985.0,186641.0,136801.0,278940.0,148146.0,89394.0
Manipur,Imphal East,456113.0,226094.0,230019.0,324664.0,173314.0,151350.0,110941.0,261530.0,123439.0,70005.0
Manipur,Ukhrul,183998.0,94718.0,89280.0,129829.0,70148.0,59681.0,41890.0,113715.0,43646.0,25165.0
Manipur,Chandel,144182.0,74579.0,69603.0,90302.0,51053.0,39249.0,34160.0,86255.0,39324.0,18329.0
Mizoram,Mamit,86364.0,44828.0,41536.0,60191.0,32977.0,27214.0,20855.0,1100440.328407225,20082.0,10318.0
Mizoram,Kolasib,83955.0,42918.0,41037.0,65895.0,34147.0,31748.0,22176.0,52147.0,20576.0,11167.0
Mizoram,Aizawl,400309.0,199270.0,201039.0,340595.0,169547.0,171048.0,100911.0,235892.0,108094.0,56092.0
Mizoram,Champhai,125745.0,63388.0,62357.0,100802.0,51440.0,49362.0,31112.0,78778.0,29690.0,17189.0
Mizoram,Serchhip,64937.0,32851.0,32086.0,54476.0,27598.0,26878.0,15490.0,39568.0,15894.0,9404.0
Mizoram,Lunglei,161428.0,82891.0,78537.0,,64515.0,,38794.0,100250.0,39690.0,21424.0
Mizoram,Lawngtlai,117894.0,60599.0,57295.0,62861.0,36444.0,26417.0,,1100440.328407225,25303.0,11831.0
Mizoram,Saiha,56574.0,28594.0,27980.0,42233.0,21861.0,20372.0,12827.0,37127.0,12784.0,6636.0
Tripura,West Tripura,1725739.0,879428.0,846311.0,1361354.0,722998.0,638356.0,506637.0,940424.0,499719.0,284637.0
Tripura,South Tripura,876001.0,447544.0,428457.0,646810.0,351082.0,295728.0,264077.0,505558.0,236676.0,133424.0
Tripura,Dhalai,378230.0,194544.0,183686.0,276217.0,151643.0,124574.0,103528.0,232286.0,95548.0,50269.0
Tripura,North Tripura,693947.0,352860.0,341087.0,520402.0,275646.0,244756.0,192621.0,414878.0,178608.0,100274.0
Meghalaya,West Garo Hills,643291.0,324159.0,319132.0,358702.0,193438.0,165264.0,157945.0,427629.0,143604.0,302007.5894909688
Meghalaya,East Garo Hills,317917.0,161223.0,156694.0,192147.0,102513.0,89634.0,74216.0,216742.0,70424.0,29926.0
Meghalaya,South Garo Hills,142334.0,73170.0,69164.0,82062.0,45003.0,37059.0,39643.0,97082.0,30605.0,14495.0
Meghalaya,West Khasi Hills,383461.0,193715.0,189746.0,230678.0,117307.0,113371.0,87131.0,278569.0,69988.0,33431.0
Meghalaya,Ribhoi,258840.0,132531.0,126309.0,155859.0,80977.0,74882.0,63724.0,183343.0,52945.0,302007.5894909688
Meghalaya,East Khasi Hills,825922.0,410749.0,415173.0,578030.0,287270.0,290760.0,215091.0,545961.0,192428.0,86576.0
Meghalaya,Jaintia Hills,,196285.0,,187527.0,87371.0,100156.0,83717.0,291097.0,72934.0,30362.0
Assam,Kokrajhar,887142.0,452905.0,434237.0,,,214085.0,222011.0,552671.0,224715.0,108956.0
Assam,Dhubri,,997848.0,,922341.0,511551.0,410790.0,521019.0,1286592.0,439375.0,302007.5894909688
Assam,Goalpara,1008183.0,513292.0,494891.0,563577.0,304302.0,259275.0,,650509.0,239831.0,117427.0
Assam,Barpeta,1693622.0,867004.0,826618.0,897058.0,499038.0,398020.0,499381.0,1072312.0,405046.0,215355.0
Assam,Morigaon,957423.0,486651.0,470772.0,539902.0,289698.0,250204.0,257481.0,612737.0,225224.0,118271.0
Assam,Nagaon,,1439112.0,,1710716.0,921850.0,788866.0,799185.0,1778277.0,678034.0,366112.0
Assam,Sonitpur,,983904.0,,1108572.0,620525.0,488047.0,547853.0,1159991.0,501239.0,261648.0
Assam,Lakhimpur,1042137.0,529674.0,512463.0,,375552.0,,327933.0,639385.0,268872.0,133615.0
Assam,Dhemaji,686133.0,351249.0,334884.0,423028.0,237761.0,185267.0,228262.0,434221.0,169630.0,82051.0
Assam,Tinsukia,1327929.0,680231.0,647698.0,798322.0,453449.0,344873.0,381614.0,799874.0,352158.0,175377.0
Assam,Dibrugarh,1326335.0,676434.0,649901.0,884531.0,491361.0,393170.0,377015.0,767147.0,371864.0,186774.0
Assam,Sivasagar,1151050.0,589216.0,561834.0,813505.0,444767.0,368738.0,405229.0,648056.0,330947.0,171710.0
Assam,Jorhat,1092256.0,556805.0,535451.0,,432335.0,,367154.0,604908.0,315550.0,171062.0
Assam,Golaghat,1066888.0,543161.0,523727.0,721764.0,396475.0,325289.0,327083.0,629153.0,289085.0,148244.0
Assam,Karbi Anglong,956313.0,490167.0,466146.0,557214.0,314253.0,242961.0,252876.0,618633.0,233739.0,103123.0
Assam,Dima Hasao,214102.0,110802.0,103300.0,140873.0,78559.0,62314.0,58919.0,135463.0,53699.0,24830.0
Assam,Cachar,,886284.0,,1174128.0,639946.0,534182.0,435160.0,1048990.0,444899.0,241776.0
Assam,Karimganj,1228686.0,625864.0,602822.0,795297.0,435942.0,359355.0,294640.0,779850.0,284368.0,163990.0
Assam,Hailakandi,659296.0,337890.0,321406.0,,226836.0,,175417.0,419921.0,156243.0,82841.0
Assam,Bongaigaon,738804.0,375818.0,362986.0,434078.0,237114.0,196964.0,220393.0,458796.0,184849.0,94939.0
Assam,Chirang,482162.0,244860.0,237302.0,259902.0,145869.0,114033.0,140631.0,301518.0,122244.0,58282.0
Assam,Kamrup,1517542.0,778461.0,739081.0,,,445100.0,434445.0,895775.0,408232.0,212740.0
Assam,Kamrup Metropolitan,1253938.0,647585.0,606353.0,1001191.0,537227.0,463964.0,428192.0,659453.0,401500.0,190908.0
Assam,Nalbari,771639.0,396006.0,375633.0,531771.0,293184.0,238587.0,238944.0,442061.0,211320.0,117809.0
Assam,Baksa,950075.0,481330.0,468745.0,572837.0,322614.0,250223.0,295221.0,563089.0,256282.0,130083.0
Assam,Darrang,928500.0,475273.0,453227.0,487039.0,268666.0,218373.0,288706.0,583436.0,226525.0,118102.0
Assam,Udalguri,831668.0,421617.0,410051.0,,264326.0,,,499214.0,221518.0,109962.0
West Bengal,Darjiling,1846823.0,937259.0,909564.0,1315585.0,717673.0,597912.0,518959.0,1031221.0,523288.0,289979.0
West Bengal,Jalpaiguri,3872846.0,1983064.0,1889782.0,2498780.0,1396622.0,1102158.0,,2259507.0,1035449.0,575667.0
West Bengal,Koch Bihar,2819086.0,1451542.0,1367544.0,1850504.0,1028733.0,821771.0,,1100440.328407225,744646.0,448761.0
West Bengal,Uttar Dinajpur,3007134.0,1551066.0,1456068.0,,853495.0,,778250.0,1916033.0,704859.0,385155.0
West Bengal,Dakshin Dinajpur,1676276.0,857199.0,819077.0,,,487211.0,461026.0,937283.0,465982.0,271423.0
West Bengal,Maldah,3988845.0,2051541.0,1937304.0,2086432.0,1152019.0,934413.0,,2511004.0,955283.0,520122.0
West Bengal,Murshidabad,7103807.0,3627564.0,3476243.0,4055834.0,2177187.0,1878647.0,1851965.0,4390564.0,1717594.0,991413.0
West Bengal,Birbhum,3502404.0,1790920.0,1711484.0,2158447.0,1201481.0,956966.0,965609.0,2008655.0,952059.0,539463.0
West Bengal,Barddhaman,7717563.0,3966889.0,3750674.0,5247208.0,2918040.0,2329168.0,2227236.0,4149420.0,2265543.0,1292913.0
West Bengal,Nadia,5167600.0,2653768.0,2513832.0,3480555.0,1878866.0,1601689.0,1549771.0,2745828.0,1484986.0,934417.0
West Bengal,North Twenty Four Parganas,,,4890392.0,,,3552647.0,2859140.0,5104876.0,481801.44590163935,1921143.0
West Bengal,Hugli,5519145.0,2814653.0,2704492.0,4078388.0,2211777.0,1866611.0,1640038.0,2766489.0,1688206.0,1060821.0
West Bengal,Bankura,3596674.0,1838095.0,1758579.0,2232992.0,1299337.0,933655.0,991400.0,1942335.0,1014764.0,637834.0
West Bengal,Puruliya,2930115.0,1496996.0,1433119.0,1624905.0,1002058.0,622847.0,752652.0,1678057.0,764776.0,484166.0
West Bengal,Haora,4850029.0,2500819.0,2349210.0,,1942824.0,,1352697.0,2587164.0,1423304.0,833104.0
West Bengal,Kolkata,4496694.0,2356766.0,2139928.0,3588137.0,1926915.0,1661222.0,1308106.0,2025389.0,1433314.0,1014769.0
West Bengal,South Twenty Four Parganas,8161961.0,4173778.0,3988183.0,5531657.0,3043277.0,2488380.0,,4763943.0,2151474.0,1235558.0
West Bengal,Paschim Medinipur,5913457.0,3007885.0,2905572.0,4078412.0,2266913.0,1811499.0,1565383.0,3243971.0,1664250.0,990179.0
West Bengal,Purba Medinipur,5095875.0,2629834.0,2466041.0,3923194.0,2149073.0,1774121.0,,2866678.0,1384242.0,302007.5894909688
Jharkhand,Garhwa,1322784.0,683575.0,639209.0,653476.0,405161.0,248315.0,,860869.0,284036.0,177599.0
Jharkhand,Chatra,1042886.0,533935.0,508951.0,510061.0,303902.0,206159.0,215502.0,692650.0,222892.0,126682.0
Jharkhand,Kodarma,716259.0,367222.0,349037.0,390249.0,238780.0,151469.0,151485.0,462098.0,158603.0,95309.0
Jharkhand,Giridih,2445474.0,1258098.0,1187376.0,1253475.0,783736.0,469739.0,499450.0,1597269.0,533788.0,312967.0
Jharkhand,Deoghar,1492073.0,775022.0,717051.0,,,,321710.0,944961.0,338413.0,205514.0
Jharkhand,Godda,1313551.0,677927.0,635624.0,604519.0,376212.0,228307.0,292030.0,820367.0,308639.0,183519.0
Jharkhand,Sahibganj,1150567.0,589391.0,561176.0,483263.0,287303.0,195960.0,260993.0,745027.0,261849.0,137727.0
Jharkhand,Pakur,900422.0,452661.0,447761.0,352881.0,206989.0,145892.0,217175.0,587976.0,206826.0,104418.0
Jharkhand,Dhanbad,2684487.0,1405956.0,1278531.0,,1014950.0,,664219.0,1634835.0,648876.0,302007.5894909688
Jharkhand,Bokaro,2062330.0,1072807.0,989523.0,1273520.0,759088.0,514432.0,508764.0,1261238.0,510375.0,282115.0
Jharkhand,Lohardaga,461790.0,232629.0,229161.0,259707.0,149568.0,110139.0,,298844.0,100340.0,62244.0
Jharkhand,Purbi Singhbhum,2293919.0,1176902.0,1117017.0,1507699.0,856526.0,651173.0,604663.0,1292595.0,632314.0,368148.0
Jharkhand,Palamu,1939869.0,1006302.0,933567.0,1024563.0,621706.0,402857.0,407904.0,1244572.0,425668.0,268387.0
Jharkhand,Latehar,726978.0,369666.0,357312.0,350682.0,209706.0,140976.0,160514.0,484084.0,152720.0,89870.0
Jharkhand,Hazaribagh,1734495.0,890881.0,843614.0,1013249.0,596113.0,417136.0,381748.0,1107452.0,396466.0,230033.0
Jharkhand,Ramgarh,,494230.0,,596497.0,350031.0,246466.0,252625.0,1100440.328407225,230525.0,123794.0
Jharkhand,Dumka,1321442.0,668514.0,652928.0,672409.0,406275.0,266134.0,326978.0,799323.0,324226.0,196164.0
Jharkhand,Jamtara,791042.0,404830.0,386212.0,426312.0,258260.0,168052.0,185668.0,480895.0,189889.0,302007.5894909688
Jharkhand,Ranchi,2914253.0,1494937.0,1419316.0,,1085244.0,,730982.0,1100440.328407225,725938.0,409166.0
Jharkhand,Khunti,531885.0,266335.0,265550.0,284575.0,164741.0,119834.0,,327152.0,125649.0,78736.0
Jharkhand,Gumla,1025213.0,514390.0,510823.0,559720.0,321795.0,237925.0,233074.0,643579.0,225871.0,155452.0
Jharkhand,Simdega,,,299269.0,343483.0,191991.0,151492.0,155283.0,357859.0,143560.0,97817.0
Jharkhand,Pashchimi Singhbhum,1502338.0,749385.0,752953.0,727561.0,439273.0,288288.0,400324.0,960987.0,353305.0,187635.0
Jharkhand,Saraikela-Kharsawan,1065056.0,544411.0,520645.0,612993.0,365332.0,247661.0,,1100440.328407225,265892.0,161542.0
Orissa,Bargarh,1481255.0,749161.0,732094.0,983783.0,557217.0,426566.0,458961.0,787033.0,410005.0,282422.0
Orissa,Jharsuguda,579505.0,296690.0,282815.0,405879.0,228092.0,177787.0,177186.0,320156.0,159477.0,98555.0
Orissa,Sambalpur,1041099.0,526877.0,514222.0,703691.0,393192.0,310499.0,,1100440.328407225,286575.0,186726.0
Orissa,Debagarh,312520.0,158230.0,154290.0,197819.0,112649.0,85170.0,98758.0,176062.0,81789.0,53989.0
Orissa,Sundargarh,,,1032290.0,1342322.0,750147.0,592175.0,618062.0,1188918.0,573238.0,324436.0
Orissa,Kendujhar,1801733.0,906487.0,895246.0,1052518.0,605119.0,447399.0,,1038890.0,472908.0,282751.0
Orissa,Mayurbhanj,2519738.0,1256213.0,1263525.0,1369397.0,794171.0,575226.0,753589.0,1449729.0,650135.0,414076.0
Orissa,Baleshwar,2320529.0,1185787.0,1134742.0,1621232.0,902359.0,718873.0,683594.0,1303828.0,622575.0,390611.0
Orissa,Bhadrak,1506337.0,760260.0,746077.0,1094140.0,596269.0,497871.0,,848660.0,393629.0,260486.0
Orissa,Kendrapara,1440361.0,717814.0,722547.0,1089265.0,579970.0,509295.0,438243.0,771284.0,374559.0,290894.0
Orissa,Jagatsinghapur,,577865.0,,889027.0,481049.0,407978.0,352732.0,577896.0,317148.0,238753.0
Orissa,Cuttack,2624470.0,1352760.0,1271710.0,2011469.0,1103033.0,908436.0,790297.0,1372301.0,743090.0,499895.0
Orissa,Jajapur,1827192.0,926034.0,901158.0,1290455.0,706396.0,584059.0,541139.0,1010147.0,479392.0,332706.0
Orissa,Dhenkanal,1192811.0,612593.0,580218.0,829910.0,464093.0,365817.0,,641697.0,326233.0,222398.0
Orissa,Anugul,,,618103.0,869456.0,494425.0,375031.0,,708493.0,347521.0,213517.0
Orissa,Nayagarh,962789.0,502636.0,460153.0,688362.0,392333.0,296029.0,288334.0,502136.0,481801.44590163935,196994.0
Orissa,Khordha,2251673.0,1167137.0,1084536.0,1749936.0,957515.0,792421.0,688729.0,1199521.0,653346.0,391701.0
Orissa,Puri,1698730.0,865380.0,833350.0,1291939.0,704857.0,587082.0,474224.0,888134.0,477430.0,328666.0
Orissa,Ganjam,,,1749813.0,2210050.0,1262652.0,947398.0,1015394.0,1980232.0,924756.0,613249.0
Orissa,Gajapati,577817.0,282882.0,294935.0,262537.0,153663.0,108874.0,,345387.0,144043.0,85072.0
Orissa,Kandhamal,733110.0,359945.0,373165.0,399786.0,233900.0,165886.0,242935.0,436625.0,177471.0,117777.0
Orissa,Baudh,441162.0,221625.0,219537.0,271612.0,158648.0,112964.0,137954.0,253467.0,111571.0,75046.0
Orissa,Subarnapur,610183.0,311312.0,298871.0,398421.0,230393.0,168028.0,193502.0,341561.0,153760.0,113450.0
Orissa,Balangir,1648997.0,830097.0,818900.0,927260.0,545672.0,381588.0,538962.0,904026.0,430011.0,310876.0
Orissa,Nuapada,610382.0,301962.0,308420.0,299383.0,180903.0,118480.0,209127.0,344075.0,152681.0,112325.0
Orissa,Kalahandi,1576869.0,787101.0,789768.0,802036.0,484177.0,317859.0,494748.0,880160.0,415778.0,275533.0
Orissa,Rayagada,967911.0,471960.0,495951.0,407735.0,241959.0,165776.0,286548.0,577569.0,245766.0,140825.0
Orissa,Nabarangapur,1220946.0,604812.0,616134.0,470379.0,286984.0,183395.0,372264.0,745206.0,297552.0,171761.0
Orissa,Koraput,1379647.0,678809.0,700838.0,568090.0,340843.0,227247.0,460128.0,818578.0,348803.0,207206.0
Orissa,Malkangiri,613192.0,303624.0,309568.0,244706.0,147001.0,97705.0,183723.0,381913.0,146355.0,83284.0
Chhattisgarh,Koriya,658917.0,334737.0,324180.0,397823.0,229923.0,167900.0,181615.0,399581.0,165022.0,94073.0
Chhattisgarh,Surguja,2359886.0,1193129.0,1166757.0,,694686.0,,,1441436.0,561915.0,355077.0
Chhattisgarh,Jashpur,,424747.0,,495415.0,280656.0,214759.0,,488965.0,214455.0,148100.0
Chhattisgarh,Raigarh,1493984.0,750278.0,743706.0,951639.0,542756.0,408883.0,,841958.0,398257.0,253488.0
Chhattisgarh,Korba,1206640.0,612915.0,593725.0,748759.0,433391.0,315368.0,,1100440.328407225,309479.0,166959.0
Chhattisgarh,Janjgir - Champa,1619707.0,815717.0,803990.0,1019634.0,593679.0,425955.0,440773.0,975114.0,383172.0,260898.0
Chhattisgarh,Bilaspur,2663629.0,1351574.0,1312055.0,,932474.0,,737806.0,1625484.0,655032.0,380114.0
Chhattisgarh,Kabeerdham,822526.0,412058.0,410468.0,414167.0,248503.0,165664.0,211179.0,515971.0,198517.0,107854.0
Chhattisgarh,Rajnandgaon,1537133.0,762855.0,774278.0,1008379.0,561355.0,447024.0,390132.0,898915.0,404418.0,233068.0
Chhattisgarh,Durg,3343872.0,1682101.0,1661771.0,2303378.0,1284612.0,1018766.0,,1919832.0,898241.0,523656.0
Chhattisgarh,Raipur,4063872.0,2048186.0,2015686.0,,,1136591.0,1068500.0,1100440.328407225,1038155.0,560184.0
Chhattisgarh,Mahasamund,1032754.0,511967.0,520787.0,637963.0,364089.0,273874.0,310567.0,582544.0,481801.44590163935,177826.0
Chhattisgarh,Dhamtari,799781.0,397897.0,401884.0,546833.0,303924.0,242909.0,210481.0,461125.0,213021.0,125429.0
Chhattisgarh,Uttar Bastar Kanker,748941.0,373338.0,375603.0,456042.0,258298.0,197744.0,194069.0,437598.0,197603.0,113450.0
Chhattisgarh,Bastar,,,714712.0,650863.0,382335.0,268528.0,371319.0,864272.0,358157.0,189569.0
Chhattisgarh,Narayanpur,139820.0,70104.0,69716.0,56621.0,33449.0,23172.0,33095.0,91338.0,33956.0,14367.0
Chhattisgarh,Dakshin Bastar Dantewada,533638.0,264142.0,269496.0,191237.0,116529.0,74708.0,137849.0,334987.0,140188.0,58170.0
Chhattisgarh,Bijapur,255230.0,128663.0,126567.0,86919.0,54076.0,32843.0,58391.0,167348.0,63802.0,23927.0
Madhya Pradesh,Sheopur,687861.0,361784.0,326077.0,328025.0,208201.0,119824.0,176522.0,449974.0,155063.0,82416.0
Madhya Pradesh,Morena,1965970.0,1068417.0,897553.0,1179685.0,747652.0,432033.0,414586.0,1254302.0,452484.0,257704.0
Madhya Pradesh,Bhind,1703005.0,926843.0,776162.0,1094917.0,676513.0,418404.0,359596.0,1040736.0,399676.0,302007.5894909688
Madhya Pradesh,Gwalior,2032036.0,1090327.0,941709.0,1357210.0,803114.0,554096.0,444892.0,1218319.0,519728.0,291451.0
Madhya Pradesh,Datia,786754.0,420157.0,366597.0,491445.0,303815.0,187630.0,203854.0,473097.0,195131.0,118186.0
Madhya Pradesh,Shivpuri,1726050.0,919795.0,806255.0,900846.0,573242.0,327604.0,434618.0,1106084.0,389652.0,227989.0
Madhya Pradesh,Tikamgarh,1445166.0,760355.0,684811.0,,,288587.0,382992.0,898323.0,343824.0,302007.5894909688
Madhya Pradesh,Chhatarpur,1762375.0,936121.0,826254.0,943033.0,572010.0,371023.0,470917.0,1112636.0,394060.0,252417.0
Madhya Pradesh,Panna,1016520.0,533480.0,483040.0,552559.0,332140.0,220419.0,288923.0,635347.0,235035.0,144827.0
Madhya Pradesh,Sagar,2378458.0,1256257.0,1122201.0,1545719.0,908607.0,637112.0,613915.0,1470688.0,569166.0,335432.0
Madhya Pradesh,Damoh,1264219.0,661873.0,602346.0,747715.0,445737.0,301978.0,369901.0,768929.0,312593.0,181403.0
Madhya Pradesh,Satna,2228935.0,1157495.0,1071440.0,1371781.0,801051.0,570730.0,576004.0,1365647.0,535086.0,326049.0
Madhya Pradesh,Rewa,2365106.0,1225100.0,1140006.0,,,596185.0,618399.0,1460075.0,540235.0,362228.0
Madhya Pradesh,Umaria,644758.0,330674.0,314084.0,356672.0,210907.0,145765.0,168066.0,403030.0,158140.0,82984.0
Madhya Pradesh,Neemuch,826067.0,422653.0,403414.0,508834.0,307889.0,200945.0,242197.0,476995.0,217403.0,131227.0
Madhya Pradesh,Mandsaur,1340411.0,682851.0,657560.0,834591.0,502898.0,331693.0,384119.0,781000.0,346861.0,211815.0
Madhya Pradesh,Ratlam,1455069.0,738241.0,716828.0,825880.0,485090.0,340790.0,373867.0,876905.0,363858.0,213560.0
Madhya Pradesh,Ujjain,1986864.0,1016289.0,970575.0,1240990.0,730817.0,510173.0,489449.0,1156749.0,508302.0,320502.0
Madhya Pradesh,Shajapur,1512681.0,780520.0,732161.0,894612.0,543509.0,351103.0,386608.0,901161.0,369741.0,240768.0
Madhya Pradesh,Dewas,1563715.0,805359.0,758356.0,925369.0,550716.0,374653.0,376009.0,943954.0,388648.0,230280.0
Madhya Pradesh,Dhar,2185793.0,1112725.0,1073068.0,1077338.0,638479.0,438859.0,515712.0,1377326.0,533243.0,273050.0
Madhya Pradesh,Indore,,1699627.0,,2309130.0,1289631.0,1019499.0,788318.0,1877270.0,894464.0,493096.0
Madhya Pradesh,Khargone (West Nimar),1873046.0,953121.0,919925.0,986234.0,575428.0,410806.0,460163.0,1166866.0,450248.0,254570.0
Madhya Pradesh,Barwani,1385881.0,699340.0,686541.0,549926.0,313642.0,236284.0,299270.0,923665.0,302833.0,158594.0
Madhya Pradesh,Rajgarh,1545814.0,790212.0,755602.0,804245.0,488797.0,315448.0,401717.0,935230.0,363218.0,246447.0
Madhya Pradesh,Vidisha,1458875.0,769568.0,689307.0,862918.0,512344.0,350574.0,376409.0,919239.0,335690.0,203005.0
Madhya Pradesh,Bhopal,2371061.0,1236130.0,1134931.0,1660690.0,920314.0,740376.0,700719.0,1405814.0,625594.0,330291.0
Madhya Pradesh,Sehore,1311332.0,683743.0,627589.0,780362.0,469208.0,311154.0,329647.0,817608.0,305605.0,187611.0
Madhya Pradesh,Raisen,1331597.0,700358.0,631239.0,,,341127.0,,832939.0,316319.0,181524.0
Madhya Pradesh,Betul,1575362.0,799236.0,776126.0,939769.0,529783.0,409986.0,406649.0,938819.0,392728.0,242592.0
Madhya Pradesh,Harda,570465.0,294838.0,275627.0,352550.0,203807.0,148743.0,144559.0,347774.0,138882.0,83417.0
Madhya Pradesh,Hoshangabad,1241350.0,648725.0,592625.0,810644.0,469199.0,341445.0,315396.0,730768.0,318232.0,191501.0
Madhya Pradesh,Katni,1292042.0,662013.0,630029.0,790773.0,460583.0,330190.0,349031.0,778414.0,481801.44590163935,185857.0
Madhya Pradesh,Jabalpur,2463289.0,1277278.0,1186011.0,1756468.0,980307.0,776161.0,624761.0,1387369.0,679185.0,391903.0
Madhya Pradesh,Narsimhapur,1091854.0,568810.0,523044.0,718785.0,413491.0,305294.0,,620415.0,289560.0,180831.0
Madhya Pradesh,Dindori,704524.0,351913.0,352611.0,378714.0,222759.0,155955.0,227795.0,419531.0,181841.0,102522.0
Madhya Pradesh,Mandla,1054905.0,525272.0,529633.0,604962.0,348033.0,256929.0,316932.0,614794.0,278553.0,160510.0
Madhya Pradesh,Chhindwara,2090922.0,1064468.0,1026454.0,1294198.0,731294.0,562904.0,553944.0,1232263.0,535316.0,321977.0
Madhya Pradesh,Seoni,1379131.0,695879.0,683252.0,864194.0,485341.0,378853.0,382587.0,809922.0,363037.0,205237.0
Madhya Pradesh,Balaghat,1701698.0,842178.0,859520.0,1147623.0,626468.0,521155.0,470867.0,969773.0,453605.0,276799.0
Madhya Pradesh,Guna,1241519.0,649362.0,592157.0,653980.0,400537.0,253443.0,285085.0,793150.0,285176.0,162104.0
Madhya Pradesh,Ashoknagar,845071.0,443837.0,401234.0,469109.0,290304.0,178805.0,206741.0,535410.0,481801.44590163935,114131.0
Madhya Pradesh,Shahdol,1066063.0,540021.0,526042.0,604194.0,348761.0,255433.0,291440.0,1100440.328407225,269145.0,150655.0
Madhya Pradesh,Anuppur,749237.0,379114.0,370123.0,436595.0,254120.0,182475.0,,1100440.328407225,193520.0,302007.5894909688
Madhya Pradesh,Sidhi,1127033.0,575912.0,551121.0,600785.0,353030.0,247755.0,,721531.0,253685.0,150959.0
Madhya Pradesh,Singrauli,1178273.0,613637.0,564636.0,585054.0,359923.0,225131.0,287325.0,771725.0,267189.0,138276.0
Madhya Pradesh,Jhabua,1025048.0,515023.0,510025.0,352081.0,214582.0,137499.0,235793.0,684200.0,220769.0,119681.0
Madhya Pradesh,Alirajpur,728999.0,362542.0,366457.0,209754.0,120905.0,88849.0,150528.0,488848.0,155328.0,84149.0
Madhya Pradesh,Khandwa (East Nimar),1310061.0,674329.0,635732.0,731615.0,432259.0,299356.0,329088.0,809091.0,313456.0,186928.0
Madhya Pradesh,Burhanpur,,,369343.0,408679.0,233073.0,175606.0,178840.0,469838.0,181605.0,106034.0
Gujarat,Kachchh,2092371.0,1096737.0,995634.0,1252319.0,739239.0,513080.0,739275.0,1100440.328407225,524052.0,286086.0
Gujarat,Banas Kantha,3120506.0,1610379.0,1510127.0,1704923.0,1048402.0,656521.0,804197.0,1984701.0,738412.0,394793.0
Gujarat,Patan,1343734.0,694397.0,649337.0,837913.0,494631.0,343282.0,404138.0,786357.0,341381.0,213465.0
Gujarat,Mahesana,2035064.0,1056520.0,978544.0,1502645.0,847499.0,655146.0,659743.0,1119451.0,481801.44590163935,302007.5894909688
Gujarat,Sabar Kantha,2428589.0,1244231.0,1184358.0,1578734.0,918625.0,660109.0,,1393131.0,481801.44590163935,400905.0
Gujarat,Gandhinagar,1391753.0,723864.0,667889.0,1030494.0,582686.0,447808.0,433258.0,769329.0,391862.0,224886.0
Gujarat,Ahmadabad,7214225.0,3788051.0,3426174.0,5435760.0,3025463.0,2410297.0,2198552.0,3952858.0,2043895.0,1198152.0
Gujarat,Surendranagar,1756268.0,909917.0,846351.0,1093626.0,643221.0,450405.0,500598.0,1033435.0,439352.0,280582.0
Gujarat,Rajkot,3804558.0,1974445.0,1830113.0,2725056.0,1514075.0,1210981.0,1181006.0,2080568.0,1052871.0,659576.0
Gujarat,Jamnagar,2160119.0,1114192.0,1045927.0,1396534.0,795140.0,601394.0,646325.0,1220598.0,576319.0,358455.0
Gujarat,Porbandar,585449.0,300209.0,285240.0,393678.0,221621.0,172057.0,183572.0,314886.0,163777.0,105638.0
Gujarat,Junagadh,,,1338726.0,1842818.0,1046981.0,795837.0,776743.0,1527888.0,749156.0,461650.0
Gujarat,Amreli,1514190.0,771049.0,743141.0,995459.0,558180.0,437279.0,430613.0,836343.0,389892.0,282409.0
Gujarat,Bhavnagar,,,1390164.0,1887255.0,1087371.0,799884.0,744077.0,1708938.0,720241.0,445121.0
Gujarat,Anand,2092745.0,1087224.0,1005521.0,1551253.0,874481.0,676772.0,621987.0,1134962.0,585093.0,366419.0
Gujarat,Kheda,,,1114158.0,1660243.0,942480.0,717763.0,622026.0,1260660.0,628221.0,388646.0
Gujarat,Panch Mahals,2390776.0,1226961.0,1163815.0,1440805.0,858054.0,582751.0,567601.0,1421859.0,599925.0,363391.0
Gujarat,Dohad,2127086.0,1068651.0,1058435.0,1007171.0,599035.0,408136.0,376504.0,1402616.0,467115.0,252153.0
Gujarat,Vadodara,4165626.0,2153736.0,2011890.0,2893080.0,1614087.0,1278993.0,1240425.0,2213474.0,1190041.0,733710.0
Gujarat,Narmada,590297.0,301086.0,289211.0,370336.0,211767.0,158569.0,160369.0,336830.0,157910.0,93466.0
Gujarat,Bharuch,1551019.0,805707.0,745312.0,1118276.0,623047.0,495229.0,,844298.0,442523.0,254728.0
Gujarat,The Dangs,228291.0,113821.0,114470.0,140968.0,77314.0,63654.0,59618.0,146095.0,51821.0,30027.0
Gujarat,Navsari,1329672.0,678165.0,651507.0,1001909.0,539471.0,462438.0,409156.0,673014.0,390349.0,258957.0
Gujarat,Valsad,1705678.0,887222.0,818456.0,1170657.0,655528.0,515129.0,,944532.0,485874.0,259906.0
Gujarat,Surat,6081322.0,3402224.0,2679098.0,4571410.0,2687468.0,1883942.0,1899838.0,3563443.0,1740746.0,723415.0
Gujarat,Tapi,807022.0,402188.0,404834.0,490036.0,269007.0,221029.0,,422047.0,235019.0,144575.0
Daman and Diu,Diu,52074.0,25642.0,26432.0,38058.0,20327.0,17731.0,18850.0,30475.0,13932.0,7599.0
Daman and Diu,Daman,191173.0,124659.0,66514.0,150348.0,104316.0,46032.0,,122589.0,52868.0,15428.0
Dadra and Nagar Haveli,Dadra AND Nagar Haveli,343709.0,193760.0,149949.0,223230.0,142521.0,80709.0,108783.0,225103.0,87888.0,30346.0
Maharashtra,Nandurbar,1648295.0,833170.0,815125.0,906509.0,512099.0,394410.0,405012.0,1011352.0,390419.0,241534.0
Maharashtra,Dhule,2050862.0,1054031.0,996831.0,1293916.0,723388.0,570528.0,528790.0,1167569.0,513908.0,350747.0
Maharashtra,Jalgaon,4229917.0,2197365.0,2032552.0,2891882.0,1629223.0,1262659.0,1169788.0,2352671.0,1080237.0,763529.0
Maharashtra,Buldana,2586258.0,1337560.0,1248698.0,1879874.0,1048892.0,830982.0,728192.0,1467457.0,481801.44590163935,473071.0
Maharashtra,Akola,1813906.0,932334.0,881572.0,1411281.0,758977.0,652304.0,504235.0,998769.0,483200.0,327932.0
Maharashtra,Washim,,620302.0,,869917.0,487703.0,382214.0,330846.0,682919.0,302425.0,210185.0
Maharashtra,Amravati,2888445.0,1480768.0,1407677.0,,1207104.0,,,1540590.0,783549.0,553265.0
Maharashtra,Wardha,1300774.0,668385.0,632389.0,1019458.0,552617.0,466841.0,388704.0,659540.0,370227.0,270107.0
Maharashtra,Nagpur,4653570.0,2384975.0,2268595.0,3673808.0,1959220.0,1714588.0,1308366.0,2460820.0,1361821.0,818467.0
Maharashtra,Bhandara,,,594814.0,899860.0,488709.0,411151.0,356418.0,626978.0,333120.0,232754.0
Maharashtra,Gondiya,1322507.0,661554.0,660953.0,1004243.0,542837.0,461406.0,386515.0,704214.0,371908.0,244111.0
Maharashtra,Gadchiroli,1072942.0,541328.0,531614.0,708365.0,395110.0,313255.0,330840.0,605217.0,289448.0,175518.0
Maharashtra,Chandrapur,2204307.0,1123834.0,1080473.0,1578615.0,872565.0,706050.0,684655.0,1163802.0,629890.0,403719.0
Maharashtra,Yavatmal,2772348.0,1419965.0,1352383.0,2022574.0,1115980.0,906594.0,798132.0,1549263.0,733258.0,483813.0
Maharashtra,Nanded,3361292.0,1730075.0,1631217.0,,,934203.0,821682.0,2008314.0,809135.0,535827.0
Maharashtra,Hingoli,1177345.0,606294.0,571051.0,790743.0,450551.0,340192.0,284369.0,692117.0,281905.0,201828.0
Maharashtra,Parbhani,,,893216.0,1157814.0,666291.0,491523.0,427239.0,1078349.0,436486.0,313455.0
Maharashtra,Jalna,1959046.0,1011473.0,947573.0,,,496095.0,502830.0,1150104.0,454836.0,341479.0
Maharashtra,Aurangabad,3701282.0,1924469.0,1776813.0,2503837.0,1430936.0,1072901.0,979132.0,1100440.328407225,909771.0,571932.0
Maharashtra,Nashik,6107187.0,3157186.0,2950001.0,,2397538.0,,1668932.0,3580633.0,1567252.0,948469.0
Maharashtra,Thane,11060148.0,5865078.0,5195070.0,8227161.0,4591396.0,3635765.0,3618151.0,6184519.0,3241888.0,1579921.0
Maharashtra,Mumbai Suburban,9356962.0,5031323.0,4325639.0,,,3352456.0,3078829.0,1100440.328407225,2812001.0,1575566.0
Maharashtra,Mumbai,3085411.0,1684608.0,1400803.0,2509022.0,1410680.0,1098342.0,,1553005.0,933586.0,583243.0
Maharashtra,Raigarh,2634200.0,1344345.0,1289855.0,1939994.0,1059692.0,880302.0,959028.0,1414154.0,748339.0,462741.0
Maharashtra,Pune,9429408.0,4924105.0,4505303.0,7171723.0,3940210.0,3231513.0,3222457.0,5184734.0,2624165.0,1586132.0
Maharashtra,Ahmadnagar,4543159.0,2342825.0,2200334.0,3151890.0,1773355.0,1378535.0,1323404.0,1100440.328407225,1166245.0,865139.0
Maharashtra,Bid,2585049.0,1349106.0,1235943.0,1718507.0,987185.0,731322.0,698571.0,1473882.0,614615.0,494436.0
Maharashtra,Latur,2454196.0,1273140.0,1181056.0,1650672.0,932432.0,718240.0,585632.0,1406364.0,584243.0,453229.0
Maharashtra,Osmanabad,1657576.0,861535.0,796041.0,1137810.0,644304.0,493506.0,444990.0,917343.0,393539.0,343021.0
Maharashtra,Solapur,4317756.0,2227852.0,2089904.0,2910676.0,1651266.0,1259410.0,1156231.0,2402794.0,1089900.0,809935.0
Maharashtra,Satara,3003741.0,1510842.0,1492899.0,2225694.0,1201034.0,1024660.0,975471.0,1517324.0,800492.0,671702.0
Maharashtra,Ratnagiri,1615069.0,761121.0,853948.0,1199392.0,619012.0,580380.0,639362.0,777431.0,438905.0,302007.5894909688
Maharashtra,Sindhudurg,849651.0,417332.0,432319.0,666067.0,348289.0,317778.0,340836.0,382024.0,242296.0,222963.0
Maharashtra,Kolhapur,3876001.0,1980658.0,1895343.0,2825845.0,1559760.0,1266085.0,,1972486.0,1084858.0,801590.0
Maharashtra,Sangli,2822143.0,1435728.0,1386415.0,,1121550.0,,853673.0,1450907.0,752303.0,603739.0
Telangana,Adilabad,,,1371642.0,1483347.0,856350.0,626997.0,,1536378.0,704551.0,422522.0
Telangana,Nizamabad,2551335.0,1250641.0,1300694.0,1389810.0,790214.0,599596.0,720298.0,1399773.0,676401.0,437573.0
Telangana,Karimnagar,3776269.0,1880800.0,1895469.0,2206829.0,1257238.0,949591.0,1165280.0,1940234.0,1031735.0,728494.0
Telangana,Medak,3033288.0,1523030.0,1510258.0,1637137.0,953406.0,683731.0,789132.0,1735769.0,779738.0,509368.0
Telangana,Hyderabad,3943323.0,2018575.0,1924748.0,2892155.0,1542688.0,1349467.0,1066289.0,2249130.0,1068243.0,542669.0
Telangana,Rangareddy,5296741.0,2701008.0,2595733.0,3538028.0,1948784.0,1589244.0,1561322.0,2966988.0,1455864.0,738037.0
Telangana,Mahbubnagar,4053028.0,2050386.0,2002642.0,1940646.0,1158386.0,782260.0,1010015.0,2360874.0,1027525.0,637430.0
Telangana,Nalgonda,3488809.0,1759772.0,1729037.0,2001019.0,1160757.0,840262.0,1030937.0,1932349.0,897137.0,651748.0
Telangana,Warangal,3512576.0,1759281.0,1753295.0,2065023.0,1179790.0,885233.0,1046987.0,1891954.0,941452.0,664872.0
Telangana,Khammam,2797370.0,1390988.0,1406382.0,1630234.0,901640.0,728594.0,870625.0,1530602.0,774583.0,477955.0
Andhra Pradesh,Srikakulam,2703114.0,1341738.0,1361376.0,1495381.0,857824.0,637557.0,902436.0,1423119.0,747385.0,528736.0
Andhra Pradesh,Vizianagaram,2344474.0,1161477.0,1182997.0,1238388.0,707503.0,530885.0,749514.0,1100440.328407225,666394.0,451469.0
Andhra Pradesh,Visakhapatnam,4290589.0,2138910.0,2151679.0,2568249.0,1422878.0,1145371.0,1379340.0,2274553.0,1245627.0,716066.0
Andhra Pradesh,East Godavari,5154296.0,2569688.0,2584608.0,3288577.0,1716933.0,1571644.0,1605841.0,2724328.0,1478954.0,948122.0
Andhra Pradesh,West Godavari,3936966.0,1964918.0,1972048.0,2652389.0,1379223.0,1273166.0,1255628.0,2051513.0,1127764.0,755533.0
Andhra Pradesh,Krishna,4517398.0,2267375.0,2250023.0,3009718.0,1598959.0,1410759.0,1476334.0,2340943.0,1284630.0,833959.0
Andhra Pradesh,Guntur,4887813.0,2440521.0,2447292.0,2960441.0,1634726.0,1325715.0,1582990.0,2583462.0,1371811.0,928462.0
Andhra Pradesh,Prakasam,,1714764.0,,1904435.0,1107686.0,796749.0,,1832695.0,917391.0,641707.0
Andhra Pradesh,Sri Potti Sriramulu Nellore,2963557.0,1492974.0,1470583.0,1832189.0,1011922.0,820267.0,953513.0,1574713.0,840448.0,544022.0
Andhra Pradesh,Y.S.R.,2882469.0,1451777.0,1430692.0,1716766.0,994699.0,722067.0,884093.0,1553667.0,793583.0,530412.0
Andhra Pradesh,Kurnool,4053463.0,2039227.0,2014236.0,2127161.0,1246369.0,880792.0,1090835.0,2368684.0,1053618.0,609027.0
Andhra Pradesh,Anantapur,4081148.0,2064495.0,2016653.0,2310960.0,1338474.0,972486.0,,2189396.0,1104565.0,739612.0
Andhra Pradesh,Chittoor,4174064.0,2090204.0,2083860.0,2667878.0,1484794.0,1183084.0,,2148179.0,1159053.0,807430.0
Karnataka,Belgaum,,2423063.0,,3052032.0,1725548.0,1326484.0,1318975.0,2669348.0,1251116.0,857143.0
Karnataka,Bagalkot,1889752.0,950111.0,939641.0,1113412.0,641388.0,472024.0,490657.0,1123443.0,465706.0,299774.0
Karnataka,Bijapur,,1111022.0,,1248268.0,730566.0,517702.0,527490.0,1295274.0,481801.44590163935,353549.0
Karnataka,Bidar,1703300.0,870665.0,832635.0,1042673.0,597198.0,445475.0,389403.0,1018195.0,397120.0,287271.0
Karnataka,Raichur,1928812.0,964511.0,964301.0,979769.0,577213.0,402556.0,455848.0,1196670.0,481801.44590163935,265810.0
Karnataka,Koppal,1389920.0,699926.0,689994.0,809085.0,468785.0,340300.0,337649.0,855430.0,330393.0,202984.0
Karnataka,Gadag,1064570.0,537147.0,527423.0,700177.0,397178.0,302999.0,291972.0,601578.0,481801.44590163935,183409.0
Karnataka,Dharwad,,,909817.0,1301664.0,711776.0,589888.0,483104.0,1017935.0,481801.44590163935,322577.0
Karnataka,Uttara Kannada,1437169.0,726256.0,710913.0,1081906.0,582099.0,499807.0,474792.0,742281.0,412649.0,281542.0
Karnataka,Haveri,1597668.0,819128.0,778540.0,1085443.0,603793.0,481650.0,413564.0,904453.0,426094.0,302007.5894909688
Karnataka,Bellary,2452595.0,1236954.0,1215641.0,1421621.0,813440.0,608181.0,623480.0,1487013.0,617276.0,346905.0
Karnataka,Chitradurga,1659456.0,840843.0,818613.0,1087392.0,607188.0,480204.0,447348.0,891230.0,460057.0,306412.0
Karnataka,Davanagere,1945497.0,986400.0,959097.0,1308540.0,720637.0,587903.0,530691.0,1068518.0,538551.0,336173.0
Karnataka,Shimoga,1752753.0,877415.0,875338.0,,674938.0,,554106.0,913150.0,513297.0,325542.0
Karnataka,Udupi,1177361.0,562131.0,615230.0,,,460725.0,385389.0,1100440.328407225,340903.0,276234.0
Karnataka,Chikmagalur,1137961.0,566622.0,571339.0,818345.0,438257.0,380088.0,392426.0,564994.0,341380.0,230864.0
Karnataka,Tumkur,2678980.0,1350594.0,1328386.0,,,807367.0,890242.0,1351461.0,760936.0,564196.0
Karnataka,Bangalore,9621551.0,5022661.0,4598890.0,7512276.0,4078041.0,3434235.0,3267960.0,5275666.0,2909575.0,1424195.0
Karnataka,Mandya,1805769.0,905085.0,900684.0,1149649.0,638668.0,510981.0,562302.0,902307.0,527236.0,375100.0
Karnataka,Hassan,1776421.0,883667.0,892754.0,1225256.0,668836.0,556420.0,628981.0,877340.0,522039.0,302007.5894909688
Karnataka,Dakshina Kannada,2089649.0,1034714.0,1054935.0,,,802304.0,650292.0,1072417.0,608450.0,407902.0
Karnataka,Kodagu,554519.0,274608.0,279911.0,,,197575.0,212974.0,276918.0,163360.0,113919.0
Karnataka,Mysore,,,1489527.0,1962180.0,1063766.0,898414.0,920982.0,1580116.0,865220.0,553705.0
Karnataka,Chamarajanagar,1020791.0,512231.0,508560.0,,312957.0,,319880.0,519046.0,294903.0,206003.0
Karnataka,Gulbarga,2566326.0,1301755.0,1264571.0,1427368.0,828359.0,599009.0,600007.0,1570719.0,604665.0,388935.0
Karnataka,Yadgir,1174271.0,590329.0,583942.0,510003.0,306751.0,203252.0,262995.0,738451.0,267222.0,168186.0
Karnataka,Kolar,1536401.0,776396.0,760005.0,1016219.0,564110.0,452109.0,477609.0,841499.0,419380.0,274240.0
Karnataka,Chikkaballapura,1255104.0,636437.0,618667.0,783222.0,442158.0,341064.0,409702.0,666451.0,350299.0,236864.0
Karnataka,Bangalore Rural,990923.0,509172.0,481751.0,688749.0,385311.0,303438.0,326462.0,535765.0,278153.0,176083.0
Karnataka,Ramanagara,1082636.0,548008.0,534628.0,674758.0,378461.0,296297.0,351784.0,559082.0,297330.0,224785.0
Goa,North Goa,818008.0,416677.0,401331.0,663060.0,351738.0,311322.0,325089.0,380926.0,260533.0,175035.0
Goa,South Goa,640537.0,322463.0,318074.0,502427.0,264085.0,238342.0,251493.0,314480.0,194872.0,130605.0
Lakshadweep,Lakshadweep,64473.0,33123.0,31350.0,,,24530.0,21242.0,33877.0,19244.0,11237.0
Kerala,Kasaragod,1307375.0,628613.0,678762.0,1037492.0,516476.0,521016.0,417805.0,688763.0,369883.0,246975.0
Kerala,Kannur,2523003.0,1181446.0,1341557.0,2138434.0,1012956.0,1125478.0,872479.0,1187177.0,741984.0,588081.0
Kerala,Wayanad,817420.0,401684.0,415736.0,645585.0,328136.0,317449.0,277988.0,412806.0,246590.0,157326.0
Kerala,Kozhikode,3086293.0,1470942.0,1615351.0,2615443.0,1266939.0,1348504.0,990336.0,1487644.0,909581.0,686109.0
Kerala,Malappuram,4112920.0,1960328.0,2152592.0,3311315.0,1597404.0,1713911.0,1157129.0,2406005.0,1041361.0,662311.0
Kerala,Palakkad,,1359478.0,,2239492.0,1122600.0,1116892.0,894341.0,1395222.0,802611.0,608966.0
Kerala,Thrissur,3121200.0,1480763.0,1640437.0,2678548.0,1282261.0,1396287.0,1051867.0,1394214.0,931841.0,792182.0
Kerala,Ernakulam,3282388.0,1619557.0,1662831.0,2855676.0,1425723.0,1429953.0,1174691.0,1396968.0,1024720.0,858010.0
Kerala,Idukki,1108974.0,552808.0,556166.0,923010.0,471881.0,451129.0,412433.0,494456.0,352163.0,261471.0
Kerala,Kottayam,1974551.0,968289.0,1006262.0,1749798.0,861592.0,888206.0,678161.0,811653.0,596302.0,565048.0
Kerala,Alappuzha,2127789.0,1013142.0,1114647.0,1852797.0,890552.0,962245.0,723536.0,891512.0,648522.0,585591.0
Kerala,Pathanamthitta,1197412.0,561716.0,635696.0,1062553.0,499181.0,563372.0,472840.0,479207.0,346161.0,370887.0
Kerala,Kollam,,1246968.0,,2240273.0,1074345.0,1165928.0,925130.0,1177359.0,795245.0,660965.0
Kerala,Thiruvananthapuram,3301427.0,1581678.0,1719749.0,2785408.0,1354857.0,1430551.0,1169117.0,1488441.0,989238.0,820024.0
Tamil Nadu,Thiruvallur,3728104.0,1876062.0,1852042.0,2791721.0,1495711.0,1296010.0,1119433.0,1925296.0,1154775.0,643614.0
Tamil Nadu,Chennai,4646732.0,2335844.0,2310888.0,3776276.0,1968079.0,1808197.0,1314125.0,2271657.0,1468902.0,899279.0
Tamil Nadu,Kancheepuram,3998252.0,2012958.0,1985294.0,3013382.0,1611461.0,1401921.0,1213504.0,2076492.0,1200284.0,715895.0
Tamil Nadu,Vellore,3936331.0,1961688.0,1974643.0,2773928.0,1504355.0,1269573.0,1140300.0,2096113.0,1116437.0,720713.0
Tamil Nadu,Tiruvannamalai,2464875.0,1235889.0,1228986.0,1626813.0,909803.0,717010.0,710163.0,1301347.0,683904.0,477668.0
Tamil Nadu,Viluppuram,3458873.0,1740819.0,1718054.0,2195776.0,1234479.0,961297.0,967314.0,1881463.0,949892.0,624042.0
Tamil Nadu,Salem,3482056.0,1781571.0,1700485.0,2285562.0,1285107.0,1000455.0,1170352.0,1737345.0,1029479.0,713294.0
Tamil Nadu,Namakkal,1726601.0,869280.0,857321.0,1176131.0,653312.0,522819.0,627484.0,817905.0,510413.0,397064.0
Tamil Nadu,Erode,2251744.0,1129868.0,1121876.0,1492662.0,828300.0,664362.0,843684.0,1100440.328407225,701326.0,542295.0
Tamil Nadu,The Nilgiris,735394.0,360143.0,375251.0,569647.0,299447.0,270200.0,264105.0,352516.0,231451.0,150804.0
Tamil Nadu,Dindigul,2159775.0,1080938.0,1078837.0,1481834.0,816180.0,665654.0,713542.0,1065734.0,647806.0,443528.0
Tamil Nadu,Karur,1064493.0,528184.0,536309.0,727044.0,401726.0,325318.0,364661.0,501585.0,320645.0,241843.0
Tamil Nadu,Tiruchirappalli,2722290.0,1352284.0,1370006.0,2038981.0,1087765.0,951216.0,875727.0,1346661.0,797258.0,575960.0
Tamil Nadu,Perambalur,565223.0,282157.0,283066.0,375823.0,208011.0,167812.0,188592.0,291371.0,158218.0,115151.0
Tamil Nadu,Ariyalur,754894.0,374703.0,380191.0,480604.0,269582.0,211022.0,254277.0,380484.0,216103.0,157771.0
Tamil Nadu,Cuddalore,2605914.0,1311697.0,1294217.0,1815281.0,1000322.0,814959.0,758209.0,1364411.0,764669.0,473617.0
Tamil Nadu,Nagapattinam,1616450.0,798127.0,818323.0,1213008.0,640916.0,572092.0,517740.0,828444.0,481801.44590163935,323706.0
Tamil Nadu,Thiruvarur,1264277.0,626693.0,637584.0,946471.0,503085.0,443386.0,408179.0,627880.0,377118.0,257116.0
Tamil Nadu,Thanjavur,2405890.0,1182416.0,1223474.0,1790998.0,944264.0,846734.0,753372.0,1193095.0,712017.0,499235.0
Tamil Nadu,Pudukkottai,1618345.0,803188.0,815157.0,1110545.0,608776.0,501769.0,503941.0,835853.0,470428.0,311175.0
Tamil Nadu,Sivaganga,,,670429.0,959744.0,526304.0,433440.0,452417.0,666218.0,391356.0,280462.0
Tamil Nadu,Madurai,3038252.0,1526475.0,1511777.0,2273430.0,1223810.0,1049620.0,1010441.0,1528178.0,481801.44590163935,302007.5894909688
Tamil Nadu,Theni,1245899.0,625683.0,620216.0,870080.0,479403.0,390677.0,410623.0,618923.0,373564.0,252267.0
Tamil Nadu,Virudhunagar,1942288.0,967709.0,974579.0,1398788.0,760375.0,638413.0,734724.0,987538.0,575006.0,378174.0
Tamil Nadu,Ramanathapuram,1353445.0,682658.0,670787.0,978946.0,536487.0,442459.0,417239.0,708322.0,389764.0,302007.5894909688
Tamil Nadu,Thoothukkudi,1750176.0,865021.0,885155.0,1349697.0,703106.0,646591.0,,887717.0,499377.0,361374.0
Tamil Nadu,Tirunelveli,3077233.0,1520912.0,1556321.0,2273457.0,1210710.0,1062747.0,1064667.0,1554277.0,876129.0,644563.0
Tamil Nadu,Kanniyakumari,1870374.0,926345.0,944029.0,1548738.0,780541.0,768197.0,598041.0,887052.0,556548.0,425849.0
Tamil Nadu,Dharmapuri,1506843.0,774303.0,732540.0,917709.0,527599.0,390110.0,487926.0,804186.0,434328.0,267536.0
Tamil Nadu,Krishnagiri,1879809.0,960232.0,919577.0,1187958.0,667062.0,520896.0,580540.0,1034474.0,481801.44590163935,311238.0
Tamil Nadu,Coimbatore,,,1728748.0,2635907.0,1394790.0,1241117.0,,1579517.0,1117221.0,302007.5894909688
Tamil Nadu,Tiruppur,2479052.0,1246159.0,1232893.0,1760566.0,959623.0,800943.0,894908.0,1177987.0,794639.0,504674.0
Pondicherry,Yanam,55626.0,27301.0,28325.0,39274.0,19919.0,19355.0,15519.0,31973.0,15235.0,8402.0
Pondicherry,PONDICHERRY,950289.0,468258.0,482031.0,726649.0,380946.0,345703.0,291037.0,473705.0,299746.0,176204.0
Pondicherry,Mahe,41816.0,19143.0,22673.0,36470.0,16610.0,19860.0,12110.0,19760.0,481801.44590163935,9428.0
Pondicherry,Karaikal,200222.0,97809.0,102413.0,154916.0,79903.0,75013.0,69333.0,1100440.328407225,60089.0,302007.5894909688
Andaman and Nicobar Islands,Nicobars,,20727.0,,25332.0,15397.0,9935.0,15958.0,18786.0,12088.0,5922.0
Andaman and Nicobar Islands,North  AND Middle Andaman,105597.0,54861.0,50736.0,78683.0,43186.0,35497.0,40185.0,57350.0,30741.0,17464.0
Andaman and Nicobar Islands,South Andaman,238142.0,127283.0,110859.0,190266.0,105794.0,84472.0,85532.0,128402.0,76332.0,33128.0
