District,Households_Rural,Households_Rural_Livable,Households_Rural_Dilapidated,Households_Rural_Toilet_Premise,Households_Urban,Households_Urban_Livable,Households_Urban_Dilapidated,Households_Urban_Toilet_Premise
Adilabad,100.0,35.7,6.5,13.8,100.0,23.5,2.8,70.7
Agra,100.0,52.9,4.3,16.6,100.0,38.2,1.9,82.0
Ahmadabad,100.0,40.5,2.0,32.9,100.0,23.9,0.6,92.1
Ahmadnagar,100.0,30.6,7.4,39.1,100.0,23.1,2.5,73.6
Aizawl,100.0,34.6,1.7,97.4,100.0,16.6,0.7,99.3
Ajmer,100.0,49.9,3.4,14.1,100.0,27.9,1.1,86.2
Akola,100.0,47.5,7.1,30.9,100.0,33.8,3.7,72.3
Alappuzha,100.0,29.9,7.7,90.9,100.0,26.7,6.5,94.7
Aligarh,100.0,56.7,4.3,21.4,100.0,42.4,2.7,84.4
Alirajpur,100.0,62.1,4.0,5.0,100.0,29.8,2.6,75.3
Allahabad,100.0,48.8,4.6,15.6,100.0,30.5,2.9,84.0
Almora,100.0,24.1,1.7,51.6,100.0,14.5,1.3,91.9
Alwar,100.0,39.5,3.6,14.8,100.0,28.8,1.6,79.3
Ambala,100.0,44.2,4.3,51.1,100.0,28.4,3.3,89.3
Ambedkar Nagar,100.0,46.4,9.9,13.9,100.0,42.0,9.8,54.4
Amravati,100.0,44.6,6.6,41.1,100.0,31.3,2.9,78.6
Amreli,100.0,28.9,1.7,52.1,100.0,24.7,1.0,78.4
Amritsar,100.0,55.2,7.8,60.8,100.0,42.5,5.4,93.4
Anand,100.0,41.3,2.1,41.3,100.0,26.1,1.3,83.0
Anantapur,100.0,21.7,2.9,22.0,100.0,20.9,1.3,76.2
Anantnag,100.0,43.3,5.1,50.8,100.0,28.5,3.1,75.5
Anjaw,100.0,52.8,6.0,27.7,100.0,68.3,0.0,64.2
Anugul,100.0,64.4,12.0,16.7,100.0,38.8,6.6,64.0
Anuppur,100.0,36.8,1.9,4.4,100.0,25.0,2.2,56.9
Araria,100.0,64.4,3.7,6.7,100.0,48.5,6.4,54.3
Ariyalur,100.0,37.9,3.4,14.2,100.0,27.7,2.0,51.3
Arwal,100.0,61.9,7.8,22.5,100.0,51.7,6.1,39.0
Ashoknagar,100.0,44.0,2.7,7.0,100.0,37.8,1.7,56.3
Auraiya,100.0,55.2,9.0,20.4,100.0,38.6,4.0,75.2
Aurangabad,100.0,57.8,6.6,17.2,100.0,41.1,5.4,68.0
Azamgarh,100.0,48.3,9.0,16.8,100.0,37.4,4.8,64.6
Badgam,100.0,46.3,3.9,83.3,100.0,33.8,2.6,90.4
Bagalkot,100.0,42.9,5.2,7.2,100.0,32.9,3.7,42.5
Bageshwar,100.0,25.1,2.9,53.5,100.0,9.1,0.9,90.0
Baghpat,100.0,52.3,3.2,58.8,100.0,46.5,3.1,86.5
Bahraich,100.0,61.7,8.6,10.5,100.0,42.0,5.7,79.5
Baksa,100.0,64.3,11.2,38.7,100.0,53.2,7.5,94.1
Balaghat,100.0,38.3,5.4,11.7,100.0,29.4,3.4,63.1
Balangir,100.0,68.6,7.0,10.1,100.0,46.9,6.8,58.1
Baleshwar,100.0,62.1,11.6,22.7,100.0,42.2,7.2,68.0
Ballia,100.0,47.7,12.8,22.2,100.0,36.1,9.3,61.0
Balrampur,100.0,56.7,6.7,10.2,100.0,40.5,4.1,71.9
Banas Kantha,100.0,38.8,4.0,17.1,100.0,23.8,1.5,78.0
Banda,100.0,52.9,1.1,20.0,100.0,35.2,1.7,73.5
Bandipore,100.0,53.7,7.4,70.1,100.0,31.0,4.3,94.3
Bangalore,100.0,28.8,2.5,74.8,100.0,19.9,1.1,96.8
Bangalore Rural,100.0,36.5,3.7,75.5,100.0,29.1,1.7,91.3
Banka,100.0,60.5,6.8,11.1,100.0,46.9,5.1,44.8
Bankura,100.0,52.4,11.7,16.5,100.0,38.8,8.9,60.4
Banswara,100.0,68.6,9.1,6.9,100.0,23.5,2.3,82.5
Bara Banki,100.0,50.9,11.9,13.2,100.0,39.5,8.8,67.8
Baramula,100.0,46.1,5.3,74.3,100.0,34.0,5.0,92.5
Baran,100.0,50.7,3.1,7.5,100.0,34.9,2.0,57.3
Barddhaman,100.0,51.8,9.4,46.1,100.0,38.2,6.3,71.5
Bareilly,100.0,63.0,7.7,44.8,100.0,46.6,4.0,92.3
Bargarh,100.0,66.9,8.5,12.3,100.0,46.7,4.7,54.2
Barmer,100.0,59.4,5.3,9.7,100.0,29.0,2.5,82.8
Barnala,100.0,49.7,6.5,80.2,100.0,41.0,5.9,90.2
Barpeta,100.0,63.2,18.8,69.8,100.0,33.8,7.4,92.8
Barwani,100.0,60.2,5.2,10.3,100.0,37.4,4.1,66.1
Bastar,100.0,52.2,3.4,13.9,100.0,35.4,2.9,61.0
Basti,100.0,40.3,10.0,13.1,100.0,35.7,6.8,72.1
Bathinda,100.0,51.1,7.4,84.3,100.0,32.4,5.4,93.1
Baudh,100.0,75.1,4.7,9.0,100.0,56.1,5.4,51.3
Begusarai,100.0,57.1,11.6,25.5,100.0,43.5,9.8,57.7
Belgaum,100.0,38.5,4.7,18.5,100.0,25.5,1.9,72.4
Bellary,100.0,39.9,5.4,12.1,100.0,28.8,3.0,63.5
Betul,100.0,45.6,4.8,12.9,100.0,30.3,3.0,71.6
Bhadrak,100.0,64.3,8.9,16.0,100.0,52.7,7.4,51.8
Bhagalpur,100.0,58.8,8.8,25.1,100.0,42.8,7.7,71.7
Bhandara,100.0,43.6,8.1,55.8,100.0,25.0,3.4,84.3
Bharatpur,100.0,54.5,4.7,7.8,100.0,42.0,2.4,69.5
Bharuch,100.0,38.2,1.5,45.8,100.0,20.2,0.6,89.4
Bhavnagar,100.0,33.2,1.5,32.1,100.0,25.7,1.1,81.6
Bhilwara,100.0,55.5,3.6,10.5,100.0,30.1,1.3,74.7
Bhind,100.0,51.6,4.6,9.3,100.0,40.7,2.5,67.3
Bhiwani,100.0,45.9,5.3,49.2,100.0,41.6,4.4,86.8
Bhojpur,100.0,57.8,8.7,20.5,100.0,41.1,8.2,68.6
Bhopal,100.0,46.6,4.3,21.5,100.0,30.1,2.6,83.9
Bid,100.0,41.0,8.0,15.4,100.0,30.8,2.9,69.1
Bidar,100.0,56.7,5.0,8.8,100.0,30.0,3.0,68.1
Bijapur,100.0,56.5,4.2,2.7,100.0,61.2,3.1,28.1
Bijnor,100.0,52.6,5.5,50.4,100.0,42.7,3.2,92.4
Bikaner,100.0,50.6,4.9,29.5,100.0,27.3,1.7,92.6
Bilaspur,100.0,26.9,1.3,68.8,100.0,16.9,0.8,93.5
Birbhum,100.0,52.0,15.6,18.7,100.0,37.3,9.3,61.6
Bishnupur,100.0,34.7,5.9,91.1,100.0,30.1,4.1,94.4
Bokaro,100.0,50.3,4.1,6.6,100.0,36.7,3.2,62.7
Bongaigaon,100.0,64.3,12.5,49.2,100.0,29.0,4.3,91.6
Budaun,100.0,65.4,8.1,21.0,100.0,51.8,6.3,77.5
Bulandshahr,100.0,56.3,4.3,30.9,100.0,43.3,2.8,85.0
Buldana,100.0,46.9,6.7,29.1,100.0,34.4,3.5,60.9
Bundi,100.0,56.3,3.4,8.3,100.0,33.6,2.0,64.2
Burhanpur,100.0,48.4,6.4,18.5,100.0,41.7,3.9,68.6
Buxar,100.0,56.8,10.5,20.0,100.0,39.6,8.8,67.2
Cachar,100.0,56.9,12.2,77.6,100.0,37.2,6.1,95.8
Central,,,,,100.0,39.3,3.2,90.8
Chamarajanagar,100.0,47.5,7.0,15.4,100.0,37.4,4.5,64.3
Chamba,100.0,38.0,2.3,48.8,100.0,18.6,0.7,87.0
Chamoli,100.0,26.3,2.5,47.0,100.0,11.6,0.9,87.5
Champawat,100.0,40.3,6.0,40.4,100.0,28.1,5.9,79.9
Champhai,100.0,48.2,4.8,94.9,100.0,44.4,1.5,97.4
Chandauli,100.0,49.0,6.8,18.8,100.0,36.8,4.6,69.2
Chandel,100.0,58.4,4.1,77.1,100.0,40.7,15.6,96.9
Chandigarh,100.0,46.9,2.8,88.0,100.0,26.6,3.5,87.6
Chandrapur,100.0,41.3,11.2,29.1,100.0,25.2,3.4,71.7
Changlang,100.0,49.8,1.7,65.3,100.0,38.3,0.8,91.3
Chatra,100.0,57.5,4.5,6.6,100.0,46.4,4.1,65.7
Chennai,,,,,100.0,17.4,0.9,95.6
Chhatarpur,100.0,45.2,2.6,5.2,100.0,29.1,1.6,57.9
Chhindwara,100.0,50.3,5.1,12.3,100.0,33.5,3.7,66.3
Chikkaballapura,100.0,38.3,4.9,23.0,100.0,27.9,1.6,84.3
Chikmagalur,100.0,45.5,5.5,54.1,100.0,30.5,2.9,89.4
Chirang,100.0,57.5,10.9,24.0,100.0,39.5,14.8,84.9
Chitradurga,100.0,45.0,5.9,19.1,100.0,31.7,2.0,73.9
Chitrakoot,100.0,52.5,1.8,11.8,100.0,46.7,2.7,58.7
Chittaurgarh,100.0,54.9,3.6,9.6,100.0,26.8,1.8,72.5
Chittoor,100.0,22.4,3.7,19.6,100.0,14.7,1.2,81.5
Churachandpur,100.0,53.6,2.3,82.3,100.0,52.5,2.3,98.8
Churu,100.0,39.2,5.8,47.0,100.0,30.4,2.2,87.5
Coimbatore,100.0,27.4,1.6,33.3,100.0,24.1,0.8,77.9
Cuddalore,100.0,38.9,2.4,19.9,100.0,26.4,1.5,68.6
Cuttack,100.0,55.0,10.1,22.4,100.0,36.6,6.4,78.0
Dadra & Nagar Haveli,100.0,45.5,0.8,26.5,100.0,20.8,0.2,81.3
Dakshin Bastar Dantewada,100.0,50.1,3.2,7.2,100.0,35.3,2.9,49.8
Dakshin Dinajpur,100.0,57.6,11.9,27.5,100.0,34.3,9.3,91.6
Dakshina Kannada,100.0,40.8,3.7,88.1,100.0,26.3,1.6,97.6
Daman,100.0,26.4,0.9,57.3,100.0,37.1,0.6,86.8
Damoh,100.0,54.1,5.0,5.9,100.0,34.1,2.9,56.2
Darbhanga,100.0,52.8,8.1,20.9,100.0,40.0,9.0,67.0
Darjiling,100.0,54.2,8.0,52.3,100.0,31.7,5.3,87.0
Darrang,100.0,57.6,17.8,47.6,100.0,34.4,8.6,91.8
Datia,100.0,46.7,2.7,11.3,100.0,34.8,3.0,63.1
Dausa,100.0,47.1,5.3,9.3,100.0,26.8,1.4,77.0
Davanagere,100.0,46.1,5.8,29.8,100.0,30.7,2.8,80.9
Debagarh,100.0,75.0,13.4,5.9,100.0,62.3,5.5,51.3
Dehradun,100.0,26.7,3.9,74.6,100.0,20.4,2.4,95.2
Deoghar,100.0,60.6,5.1,5.5,100.0,37.4,4.2,68.3
Deoria,100.0,46.5,8.5,16.7,100.0,33.6,6.6,62.4
Dewas,100.0,49.0,6.2,21.7,100.0,30.5,2.6,77.3
Dhalai,100.0,47.5,7.2,66.4,100.0,40.0,9.0,96.4
Dhamtari,100.0,55.1,4.2,24.2,100.0,39.2,3.5,53.6
Dhanbad,100.0,52.2,4.7,12.2,100.0,44.5,3.9,59.3
Dhar,100.0,56.5,4.7,19.2,100.0,30.7,3.0,76.4
Dharmapuri,100.0,33.1,2.5,10.7,100.0,23.0,1.6,59.0
Dharwad,100.0,40.4,3.9,23.1,100.0,29.0,2.0,82.0
Dhaulpur,100.0,58.4,6.6,4.8,100.0,39.8,3.5,62.8
Dhemaji,100.0,66.2,10.0,40.3,100.0,48.3,7.2,95.6
Dhenkanal,100.0,65.5,11.5,14.2,100.0,41.8,7.6,59.8
Dhubri,100.0,64.2,17.6,39.0,100.0,39.8,12.2,80.1
Dhule,100.0,37.4,3.4,18.7,100.0,22.7,1.6,65.3
Dibang Valley,100.0,49.7,7.2,64.7,100.0,48.8,5.6,82.2
Dibrugarh,100.0,54.2,5.7,74.2,100.0,29.7,4.1,96.4
Dima Hasao,100.0,62.4,4.5,57.1,100.0,45.2,3.3,96.6
Dimapur,100.0,44.7,3.2,91.6,100.0,34.6,2.1,96.8
Dindigul,100.0,31.5,1.8,18.9,100.0,25.9,1.4,57.4
Dindori,100.0,51.2,2.7,3.7,100.0,37.7,5.5,55.3
Diu,100.0,12.7,0.3,43.3,100.0,10.7,0.2,74.7
Doda,100.0,60.0,1.6,24.0,100.0,23.7,2.9,93.4
Dohad,100.0,59.5,2.1,6.1,100.0,23.6,1.1,71.8
Dumka,100.0,63.9,6.0,6.2,100.0,33.5,5.0,64.2
Dungarpur,100.0,62.1,6.2,9.1,100.0,25.6,2.1,74.1
Durg,100.0,52.4,5.0,14.0,100.0,29.6,2.2,62.6
East,100.0,6.7,1.2,98.1,100.0,24.2,1.9,93.4
East District,100.0,41.6,7.5,85.8,100.0,18.4,1.7,94.9
East Garo Hills,100.0,48.9,3.6,79.3,100.0,42.3,1.2,96.7
East Godavari,100.0,30.4,3.9,47.0,100.0,20.9,1.7,87.3
East Kameng,100.0,58.2,2.6,22.0,100.0,47.3,2.5,64.0
East Khasi Hills,100.0,52.9,9.3,44.3,100.0,23.5,2.1,96.9
East Siang,100.0,28.0,1.5,47.4,100.0,56.4,4.3,90.7
Ernakulam,100.0,29.6,5.0,96.9,100.0,22.3,3.1,98.3
Erode,100.0,28.6,2.0,33.7,100.0,23.8,1.1,63.8
Etah,100.0,56.6,7.0,9.2,100.0,43.4,3.1,78.3
Etawah,100.0,54.7,7.8,19.8,100.0,40.5,4.2,83.4
Faizabad,100.0,51.4,9.3,14.5,100.0,36.1,4.9,76.2
Faridabad,100.0,43.2,4.3,58.6,100.0,39.1,2.4,89.2
Faridkot,100.0,49.0,7.7,80.1,100.0,40.4,8.1,92.8
Farrukhabad,100.0,59.6,8.6,23.9,100.0,45.7,4.7,81.7
Fatehabad,100.0,46.4,5.7,72.9,100.0,33.8,4.9,90.9
Fatehgarh Sahib,100.0,39.1,6.4,82.5,100.0,35.3,4.5,93.9
Fatehpur,100.0,57.4,5.7,18.3,100.0,40.9,4.3,72.1
Firozabad,100.0,57.6,6.7,11.4,100.0,52.1,4.0,82.1
Firozpur,100.0,50.9,10.8,66.6,100.0,41.1,7.1,90.7
Gadag,100.0,41.8,5.1,9.2,100.0,35.7,3.4,42.3
Gadchiroli,100.0,42.6,8.7,22.2,100.0,27.0,4.0,65.9
Gajapati,100.0,67.0,5.9,12.7,100.0,40.7,5.0,56.7
Ganderbal,100.0,47.4,9.5,69.5,100.0,22.0,4.5,91.3
Gandhinagar,100.0,36.6,2.3,42.8,100.0,24.4,1.3,80.8
Ganganagar,100.0,42.1,2.5,81.3,100.0,32.2,3.3,93.6
Ganjam,100.0,61.6,9.5,19.1,100.0,39.9,5.2,65.3
Garhwa,100.0,62.4,4.6,4.9,100.0,44.5,6.8,46.3
Garhwal,100.0,25.1,1.8,48.3,100.0,14.4,1.1,94.7
Gautam Buddha Nagar,100.0,42.3,2.4,51.7,100.0,28.1,1.3,91.5
Gaya,100.0,62.8,7.9,16.5,100.0,36.0,4.7,77.8
Ghaziabad,100.0,50.7,3.6,59.8,100.0,34.1,1.8,94.8
Ghazipur,100.0,51.2,10.4,18.6,100.0,38.4,7.3,65.5
Giridih,100.0,53.6,3.1,5.8,100.0,37.0,3.4,61.3
Goalpara,100.0,60.4,12.6,62.1,100.0,46.4,8.0,85.0
Godda,100.0,62.7,9.2,7.9,100.0,36.8,4.2,64.9
Golaghat,100.0,64.0,7.9,65.1,100.0,38.7,4.2,97.7
Gonda,100.0,51.1,11.3,7.9,100.0,32.5,4.4,77.1
Gondiya,100.0,40.3,5.2,47.5,100.0,27.0,3.3,77.3
Gopalganj,100.0,53.1,8.0,18.1,100.0,39.6,6.1,50.8
Gorakhpur,100.0,46.8,8.9,18.6,100.0,31.6,3.7,80.4
Gulbarga,100.0,43.4,3.7,4.5,100.0,28.8,1.5,68.2
Gumla,100.0,63.3,2.9,6.4,100.0,38.4,5.0,68.5
Guna,100.0,49.2,2.9,7.4,100.0,33.6,3.3,59.6
Guntur,100.0,31.0,4.2,46.5,100.0,21.9,1.9,86.3
Gurdaspur,100.0,49.4,9.0,50.1,100.0,41.1,5.2,85.6
Gurgaon,100.0,39.3,3.2,65.6,100.0,27.4,3.9,91.7
Gwalior,100.0,48.1,4.5,17.3,100.0,26.9,2.0,87.0
Hailakandi,100.0,59.5,16.8,81.9,100.0,30.5,7.6,98.1
Hamirpur,100.0,21.6,1.0,89.1,100.0,17.2,0.6,92.3
Hanumangarh,100.0,36.8,2.4,82.3,100.0,32.2,3.1,93.9
Haora,100.0,40.4,13.9,60.2,100.0,35.2,6.5,83.5
Harda,100.0,42.2,7.7,38.3,100.0,26.5,4.4,79.3
Hardoi,100.0,62.3,8.3,17.4,100.0,46.4,6.6,74.0
Hardwar,100.0,48.3,5.3,50.2,100.0,25.3,2.2,92.6
Hassan,100.0,48.7,6.2,26.7,100.0,29.7,2.4,89.9
Haveri,100.0,44.9,5.0,28.2,100.0,29.9,2.9,69.7
Hazaribagh,100.0,48.5,3.3,9.3,100.0,33.1,3.0,73.5
Hingoli,100.0,46.7,6.0,26.9,100.0,38.7,3.1,65.7
Hisar,100.0,46.5,5.5,62.5,100.0,32.2,3.3,89.5
Hoshangabad,100.0,43.9,10.2,33.8,100.0,28.7,3.4,80.6
Hoshiarpur,100.0,41.0,6.5,57.0,100.0,34.3,4.9,88.9
Hugli,100.0,45.5,11.7,60.1,100.0,33.7,5.3,88.8
Hyderabad,,,,,100.0,19.1,0.9,98.5
Idukki,100.0,44.1,8.3,88.7,100.0,23.5,1.4,99.3
Imphal East,100.0,36.4,4.6,90.9,100.0,31.5,3.2,95.5
Imphal West,100.0,33.1,5.3,92.0,100.0,30.5,4.4,96.7
Indore,100.0,41.4,4.6,41.5,100.0,23.3,2.7,90.3
Jabalpur,100.0,46.2,5.7,26.8,100.0,29.4,2.9,80.2
Jagatsinghapur,100.0,57.3,7.1,22.1,100.0,57.2,3.7,44.8
Jaintia Hills,100.0,46.4,8.4,43.6,100.0,14.0,2.1,96.1
Jaipur,100.0,42.6,4.2,22.0,100.0,27.1,1.2,90.7
Jaisalmer,100.0,56.1,3.2,16.7,100.0,40.4,1.7,66.5
Jajapur,100.0,57.8,14.6,19.9,100.0,42.9,7.0,61.2
Jalandhar,100.0,46.7,6.2,76.0,100.0,38.1,4.8,95.8
Jalaun,100.0,57.3,2.9,28.3,100.0,41.1,3.5,75.6
Jalgaon,100.0,38.9,5.5,22.6,100.0,27.1,1.7,64.9
Jalna,100.0,41.0,6.9,29.2,100.0,36.5,3.1,70.2
Jalor,100.0,52.1,8.4,11.3,100.0,36.5,4.0,61.9
Jalpaiguri,100.0,57.8,16.0,37.1,100.0,37.2,10.5,82.3
Jammu,100.0,38.4,4.9,24.6,100.0,22.6,3.4,84.9
Jamnagar,100.0,30.1,1.6,34.8,100.0,23.0,1.0,83.8
Jamtara,100.0,62.6,4.9,4.4,100.0,33.5,3.3,60.1
Jamui,100.0,64.2,8.0,11.9,100.0,48.9,8.5,48.9
Janjgir - Champa,100.0,59.0,5.6,11.0,100.0,43.8,3.8,44.4
Jashpur,100.0,41.9,1.8,11.8,100.0,37.8,1.2,42.2
Jaunpur,100.0,46.1,7.2,15.4,100.0,44.5,4.4,71.8
Jehanabad,100.0,61.2,9.1,22.3,100.0,39.2,6.9,67.7
Jhabua,100.0,62.6,5.1,5.8,100.0,25.5,1.8,76.8
Jhajjar,100.0,45.1,4.9,58.5,100.0,40.9,4.5,91.7
Jhalawar,100.0,59.7,4.3,7.2,100.0,30.0,2.1,66.9
Jhansi,100.0,47.4,2.0,20.7,100.0,32.9,1.9,71.6
Jharsuguda,100.0,71.5,5.9,9.4,100.0,45.5,5.6,53.6
Jhunjhunun,100.0,24.4,2.4,45.7,100.0,25.4,1.8,82.5
Jind,100.0,51.1,5.0,51.3,100.0,33.9,2.8,87.6
Jodhpur,100.0,49.5,5.2,13.7,100.0,25.8,1.7,90.1
Jorhat,100.0,60.9,8.1,58.9,100.0,35.3,4.0,94.2
Junagadh,100.0,32.7,1.7,46.0,100.0,23.9,1.4,85.7
Jyotiba Phule Nagar,100.0,60.5,5.9,40.3,100.0,50.7,4.0,92.0
Kabeerdham,100.0,60.9,6.2,9.0,100.0,36.7,5.1,49.5
Kachchh,100.0,25.4,1.1,49.2,100.0,21.4,1.0,87.9
Kaimur (Bhabua),100.0,60.3,6.5,14.5,100.0,33.5,4.6,70.2
Kaithal,100.0,48.5,4.8,57.7,100.0,36.9,4.1,82.7
Kalahandi,100.0,70.3,9.4,8.2,100.0,47.8,6.9,58.8
Kamrup,100.0,59.1,12.3,57.0,100.0,45.1,8.5,78.7
Kamrup Metropolitan,100.0,52.4,10.1,64.7,100.0,27.3,3.9,97.0
Kancheepuram,100.0,31.7,2.3,29.3,100.0,17.6,0.8,85.6
Kandhamal,100.0,68.8,6.6,6.3,100.0,46.5,6.4,56.5
Kangra,100.0,25.3,1.4,64.4,100.0,19.0,1.6,82.3
Kannauj,100.0,58.3,8.8,21.7,100.0,43.3,5.9,75.6
Kanniyakumari,100.0,35.6,2.7,83.1,100.0,33.0,3.0,88.4
Kannur,100.0,31.1,6.2,96.3,100.0,19.4,2.1,98.5
Kanpur Dehat,100.0,56.8,8.4,23.0,100.0,39.5,5.9,66.3
Kanpur Nagar,100.0,58.8,6.9,23.6,100.0,38.7,4.8,85.2
Kanshiram Nagar,100.0,61.5,8.9,11.2,100.0,50.1,4.4,76.9
Kapurthala,100.0,41.4,6.1,77.4,100.0,32.0,4.1,94.1
Karaikal,100.0,36.8,2.1,47.6,100.0,21.0,1.2,74.4
Karauli,100.0,62.4,5.6,8.2,100.0,41.5,3.1,62.4
Karbi Anglong,100.0,65.1,4.3,48.5,100.0,52.0,3.6,94.5
Kargil,100.0,73.3,3.5,96.8,100.0,68.8,1.2,97.5
Karimganj,100.0,57.6,14.9,83.7,100.0,36.1,8.7,97.4
Karimnagar,100.0,32.4,5.1,34.2,100.0,21.0,1.8,84.4
Karnal,100.0,47.5,4.9,68.6,100.0,29.3,2.6,91.6
Karur,100.0,29.0,2.2,23.0,100.0,20.1,0.9,67.1
Kasaragod,100.0,31.9,7.6,88.8,100.0,18.5,2.7,96.6
Kathua,100.0,36.7,3.5,14.2,100.0,27.0,3.1,67.1
Katihar,100.0,62.0,5.0,12.7,100.0,42.3,7.1,68.5
Katni,100.0,46.5,4.4,8.6,100.0,28.6,2.4,65.8
Kaushambi,100.0,55.2,4.4,13.8,100.0,42.9,4.4,51.4
Kendrapara,100.0,57.0,7.5,15.8,100.0,44.6,8.8,57.8
Kendujhar,100.0,70.0,8.6,9.3,100.0,48.8,7.7,50.8
Khagaria,100.0,58.8,8.9,21.7,100.0,47.3,7.2,66.3
Khammam,100.0,33.9,5.2,37.4,100.0,22.6,2.2,85.4
Khandwa (East Nimar),100.0,52.4,8.0,17.4,100.0,31.1,4.4,69.3
Khargone (West Nimar),100.0,56.9,6.3,13.0,100.0,29.5,3.2,73.8
Kheda,100.0,42.2,2.5,25.4,100.0,25.0,1.5,78.5
Kheri,100.0,64.0,11.1,18.3,100.0,45.8,8.9,76.2
Khordha,100.0,62.4,8.5,18.3,100.0,36.6,5.1,76.6
Khunti,100.0,57.7,3.4,4.0,100.0,38.2,3.0,53.9
Kinnaur,100.0,29.3,1.0,69.2,,,,
Kiphire,100.0,57.2,1.0,36.6,100.0,27.8,0.4,95.3
Kishanganj,100.0,62.2,3.5,6.2,100.0,46.4,7.9,51.9
Kishtwar,100.0,52.0,3.4,20.0,100.0,13.5,0.7,93.4
Koch Bihar,100.0,57.7,12.6,55.7,100.0,33.9,7.9,90.3
Kodagu,100.0,40.0,4.6,78.8,100.0,33.4,3.2,97.0
Kodarma,100.0,52.3,4.2,7.6,100.0,44.7,5.4,50.3
Kohima,100.0,33.6,0.6,52.2,100.0,31.9,1.9,92.0
Kokrajhar,100.0,55.0,13.0,24.9,100.0,24.8,4.7,90.1
Kolar,100.0,40.9,5.1,25.5,100.0,31.6,1.6,80.2
Kolasib,100.0,47.1,2.2,95.7,100.0,38.5,2.4,96.6
Kolhapur,100.0,24.3,2.0,74.4,100.0,22.2,1.2,74.7
Kolkata,,,,,100.0,30.9,2.7,94.9
Kollam,100.0,29.9,7.5,93.0,100.0,24.4,5.5,96.4
Koppal,100.0,39.4,5.2,12.0,100.0,26.7,3.7,48.4
Koraput,100.0,65.7,5.3,8.2,100.0,38.9,5.6,64.9
Korba,100.0,54.4,3.2,11.9,100.0,29.7,1.6,58.6
Koriya,100.0,50.5,2.2,8.5,100.0,37.5,1.3,59.3
Kota,100.0,46.3,2.8,12.3,100.0,29.3,1.9,76.8
Kottayam,100.0,35.0,4.6,96.0,100.0,26.5,2.6,98.2
Kozhikode,100.0,27.1,6.6,97.0,100.0,19.3,3.6,98.2
Krishna,100.0,30.8,4.4,56.2,100.0,20.1,1.7,93.0
Krishnagiri,100.0,32.7,2.2,19.2,100.0,18.3,0.6,78.3
Kulgam,100.0,49.0,4.7,41.7,100.0,42.0,4.2,58.5
Kullu,100.0,27.5,1.2,54.2,100.0,15.4,1.3,90.6
Kupwara,100.0,58.1,8.3,48.9,100.0,49.5,4.8,70.2
Kurnool,100.0,27.0,3.3,27.6,100.0,21.0,1.4,72.7
Kurukshetra,100.0,46.0,4.3,69.1,100.0,29.6,3.5,92.4
Kurung Kumey,100.0,44.7,12.5,23.5,100.0,49.7,5.1,80.6
Kushinagar,100.0,55.9,8.5,14.8,100.0,38.7,9.4,62.3
LAKSHADWEEP,100.0,40.86,1.74,98.06,100.0,14.32,0.48,97.71
Lahul & Spiti,100.0,33.7,0.8,78.1,,,,
Lakhimpur,100.0,64.8,9.7,53.7,100.0,37.7,5.5,94.7
Lakhisarai,100.0,58.9,7.7,26.8,100.0,52.3,8.4,61.6
Lalitpur,100.0,52.8,2.7,12.0,100.0,36.2,2.6,62.9
Latehar,100.0,58.0,2.2,7.2,100.0,40.6,5.0,55.8
Latur,100.0,40.1,5.7,24.8,100.0,30.6,2.6,77.9
Lawngtlai,100.0,49.7,5.2,60.5,100.0,34.6,1.6,98.3
Leh(Ladakh),100.0,51.5,2.1,88.1,100.0,54.6,1.1,95.8
Lohardaga,100.0,62.5,2.8,7.3,100.0,36.2,4.4,70.5
Lohit,100.0,54.1,6.0,49.5,100.0,46.7,3.6,89.2
Longleng,100.0,66.1,2.2,69.0,100.0,63.7,5.6,75.7
Lower Dibang Valley,100.0,52.7,3.2,48.0,100.0,32.3,3.7,88.6
Lower Subansiri,100.0,40.2,1.5,68.1,100.0,24.5,0.7,98.5
Lucknow,100.0,57.2,8.3,21.5,100.0,31.1,4.1,87.7
Ludhiana,100.0,45.1,7.1,87.5,100.0,40.9,4.9,96.9
Lunglei,100.0,49.8,3.9,80.5,100.0,26.8,0.8,97.2
Madhepura,100.0,64.0,6.2,11.3,100.0,45.9,8.7,51.3
Madhubani,100.0,50.8,4.7,17.3,100.0,42.7,7.1,55.5
Madurai,100.0,32.1,2.1,20.7,100.0,17.3,0.8,84.8
Mahamaya Nagar,100.0,55.1,4.2,16.5,100.0,46.4,3.2,72.7
Mahasamund,100.0,60.0,4.6,15.2,100.0,41.2,4.1,50.1
Mahbubnagar,100.0,30.8,6.2,17.9,100.0,19.0,1.7,78.1
Mahe,,,,,100.0,15.8,1.1,97.8
Mahendragarh,100.0,42.1,3.1,39.0,100.0,37.2,2.8,77.2
Mahesana,100.0,32.8,2.6,44.4,100.0,21.8,1.3,85.0
Mahoba,100.0,50.7,1.7,17.8,100.0,48.7,1.6,54.7
Mahrajganj,100.0,51.4,8.8,16.7,100.0,39.3,5.8,58.4
Mainpuri,100.0,53.4,7.5,13.5,100.0,41.6,4.4,75.4
Malappuram,100.0,27.6,4.2,96.5,100.0,21.3,2.5,98.5
Maldah,100.0,59.0,11.3,25.4,100.0,48.5,8.3,74.3
Malkangiri,100.0,67.3,7.4,6.0,100.0,45.7,8.4,47.7
Mamit,100.0,49.7,5.9,83.1,100.0,21.4,1.0,98.7
Mandi,100.0,28.0,1.6,82.0,100.0,17.3,0.7,92.0
Mandla,100.0,43.2,4.3,6.7,100.0,28.6,4.0,65.1
Mandsaur,100.0,49.7,2.3,13.3,100.0,29.5,1.7,68.2
Mandya,100.0,44.2,4.5,27.5,100.0,30.9,3.1,85.9
Mansa,100.0,46.5,7.2,62.9,100.0,34.1,5.9,85.0
Mathura,100.0,53.3,4.0,19.6,100.0,40.5,2.3,81.2
Mau,100.0,47.2,10.1,17.6,100.0,44.1,6.8,63.5
Mayurbhanj,100.0,72.5,8.6,15.0,100.0,43.8,8.1,64.0
Medak,100.0,34.6,4.4,31.8,100.0,19.4,1.2,84.6
Meerut,100.0,49.9,4.1,53.1,100.0,35.9,2.1,92.9
Mewat,100.0,58.4,9.0,17.8,100.0,41.2,4.8,62.5
Mirzapur,100.0,51.6,4.8,19.2,100.0,40.7,3.5,68.5
Moga,100.0,45.2,7.4,85.4,100.0,34.8,6.7,94.7
Mokokchung,100.0,34.1,0.5,96.3,100.0,33.0,0.7,98.5
Mon,100.0,64.0,1.4,62.7,100.0,48.7,5.6,94.2
Moradabad,100.0,63.5,6.0,47.8,100.0,46.2,3.2,93.6
Morena,100.0,53.5,5.2,6.7,100.0,35.7,2.1,73.8
Morigaon,100.0,62.5,14.8,57.2,100.0,42.8,9.2,90.3
Muktsar,100.0,52.8,10.7,72.3,100.0,40.3,9.1,89.8
Mumbai,,,,,100.0,26.2,1.5,67.0
Mumbai Suburban,,,,,100.0,27.1,1.4,54.7
Munger,100.0,58.6,7.9,26.1,100.0,39.2,6.7,74.2
Murshidabad,100.0,56.1,17.0,34.7,100.0,48.5,11.6,61.8
Muzaffarnagar,100.0,50.2,4.6,54.9,100.0,40.0,3.2,92.6
Muzaffarpur,100.0,60.4,8.4,21.9,100.0,36.2,6.8,77.1
Mysore,100.0,48.0,5.3,27.0,100.0,28.5,2.2,94.2
Nabarangapur,100.0,69.3,4.4,5.8,100.0,51.4,4.9,53.4
Nadia,100.0,53.9,15.6,71.3,100.0,41.2,10.6,93.3
Nagaon,100.0,59.3,13.8,72.0,100.0,43.7,5.9,95.2
Nagapattinam,100.0,44.7,3.2,31.2,100.0,31.0,2.4,69.7
Nagaur,100.0,46.4,6.3,26.5,100.0,32.0,2.4,80.6
Nagpur,100.0,39.0,8.3,46.1,100.0,23.7,2.8,90.0
Nainital,100.0,31.7,5.1,69.4,100.0,19.8,3.0,94.8
Nalanda,100.0,59.6,9.5,22.8,100.0,41.8,7.1,73.6
Nalbari,100.0,61.0,9.5,63.7,100.0,43.3,8.5,90.1
Nalgonda,100.0,34.2,5.9,31.9,100.0,24.3,1.7,81.2
Namakkal,100.0,25.4,1.8,31.2,100.0,24.3,1.2,54.6
Nanded,100.0,51.2,7.8,19.2,100.0,35.0,4.0,73.2
Nandurbar,100.0,48.9,3.9,22.3,100.0,29.2,3.3,63.5
Narayanpur,100.0,57.6,4.4,4.1,100.0,55.3,2.2,44.2
Narmada,100.0,43.9,1.3,16.0,100.0,33.7,1.9,74.7
Narsimhapur,100.0,48.9,9.8,27.5,100.0,33.7,5.9,71.8
Nashik,100.0,34.5,5.6,29.3,100.0,24.3,2.5,69.1
Navsari,100.0,34.5,1.4,44.5,100.0,20.0,0.9,85.7
Nawada,100.0,62.3,10.3,17.3,100.0,39.7,6.4,69.3
Nayagarh,100.0,64.3,12.2,15.9,100.0,48.5,7.6,55.8
Neemuch,100.0,46.3,2.8,13.2,100.0,27.6,1.4,63.6
New Delhi,,,,,100.0,28.8,3.7,77.9
Nicobars,100.0,23.8,1.2,80.9,,,,
Nizamabad,100.0,31.8,4.3,29.4,100.0,25.4,2.2,85.5
North,100.0,25.3,0.9,98.0,100.0,37.1,3.5,89.9
North  & Middle Andaman,100.0,44.3,2.7,48.0,100.0,55.9,6.6,56.1
North  District,100.0,45.3,3.7,75.0,100.0,20.3,1.8,97.3
North East,100.0,36.4,2.8,95.0,100.0,35.6,2.0,95.1
North Goa,100.0,23.0,1.8,68.7,100.0,19.6,1.1,85.3
North Tripura,100.0,48.4,8.3,81.5,100.0,34.4,7.1,97.0
North Twenty Four Parganas,100.0,46.3,19.7,78.9,100.0,33.4,5.4,94.0
North West,100.0,46.6,4.5,64.1,100.0,34.4,3.3,85.9
Nuapada,100.0,72.9,4.8,12.7,100.0,52.7,6.5,48.4
Osmanabad,100.0,38.2,6.2,22.2,100.0,31.6,2.8,57.8
Pakur,100.0,59.9,7.1,7.3,100.0,46.7,5.7,46.5
Palakkad,100.0,35.4,5.4,88.2,100.0,28.1,3.3,94.9
Palamu,100.0,62.8,6.3,7.4,100.0,40.1,5.4,58.3
Pali,100.0,50.1,5.4,18.7,100.0,33.2,2.5,69.1
Palwal,100.0,51.1,6.3,32.1,100.0,36.2,3.6,82.8
Panch Mahals,100.0,50.4,2.6,17.0,100.0,24.4,1.1,84.1
Panchkula,100.0,35.2,4.9,44.0,100.0,22.7,4.7,87.6
Panipat,100.0,47.6,4.2,66.7,100.0,39.0,2.9,94.9
Panna,100.0,47.5,3.0,5.0,100.0,36.0,2.3,53.8
Papum Pare,100.0,44.3,4.0,54.8,100.0,31.4,3.5,91.7
Parbhani,100.0,47.3,8.3,13.3,100.0,35.8,4.4,66.9
Paschim Medinipur,100.0,52.2,13.2,41.9,100.0,32.8,8.3,77.2
Pashchim Champaran,100.0,63.3,4.9,11.5,100.0,51.9,7.4,53.9
Pashchimi Singhbhum,100.0,50.9,4.0,3.7,100.0,37.5,4.5,58.9
Patan,100.0,37.3,3.8,35.9,100.0,25.5,1.5,82.4
Pathanamthitta,100.0,30.2,4.9,93.7,100.0,23.7,2.8,96.0
Patiala,100.0,48.0,7.1,77.3,100.0,32.2,4.2,96.9
Patna,100.0,58.4,9.1,27.6,100.0,31.0,5.2,86.5
Perambalur,100.0,30.2,2.2,15.6,100.0,16.9,0.9,55.2
Peren,100.0,53.0,0.9,77.1,100.0,61.1,2.1,92.9
Phek,100.0,54.4,2.4,75.4,100.0,38.9,0.4,93.6
Pilibhit,100.0,62.7,9.2,35.5,100.0,45.6,8.4,88.8
Pithoragarh,100.0,25.4,2.3,48.0,100.0,9.9,0.5,96.5
Porbandar,100.0,30.4,2.3,39.1,100.0,24.6,1.3,77.4
Prakasam,100.0,29.8,4.2,28.0,100.0,21.2,2.0,77.4
Pratapgarh,100.0,63.2,2.5,6.2,100.0,24.0,1.4,70.1
Puducherry,100.0,31.9,2.6,35.8,100.0,19.0,1.2,82.5
Pudukkottai,100.0,39.5,4.2,17.7,100.0,25.1,1.6,69.3
Pulwama,100.0,43.0,4.6,62.7,100.0,42.4,3.0,91.1
Punch,100.0,59.5,2.4,13.7,100.0,27.3,0.8,75.3
Pune,100.0,23.9,4.9,61.8,100.0,20.9,1.3,80.5
Purba Champaran,100.0,56.0,5.6,15.5,100.0,42.9,5.7,54.0
Purba Medinipur,100.0,49.0,18.1,85.6,100.0,34.8,10.1,82.8
Purbi Singhbhum,100.0,51.0,5.8,13.6,100.0,25.8,2.3,80.7
Puri,100.0,64.1,11.2,15.6,100.0,46.4,5.8,73.3
Purnia,100.0,65.1,5.1,8.6,100.0,46.1,9.7,59.1
Puruliya,100.0,62.7,7.4,6.1,100.0,43.5,6.7,50.9
Rae Bareli,100.0,55.4,7.8,13.4,100.0,34.1,5.2,71.1
Raichur,100.0,43.2,7.1,10.0,100.0,30.9,3.6,50.4
Raigarh,100.0,57.4,4.8,13.0,100.0,37.8,3.0,57.3
Raipur,100.0,57.0,5.9,12.9,100.0,30.1,2.9,65.0
Raisen,100.0,46.4,7.2,18.5,100.0,36.4,4.0,72.0
Rajgarh,100.0,60.4,6.5,7.8,100.0,35.7,3.2,61.0
Rajkot,100.0,28.4,1.5,44.0,100.0,21.9,1.1,86.5
Rajnandgaon,100.0,47.7,3.4,18.5,100.0,32.8,2.5,53.2
Rajouri,100.0,52.9,2.7,10.2,100.0,18.6,1.7,85.5
Rajsamand,100.0,54.6,4.2,11.3,100.0,30.9,1.0,71.4
Ramanagara,100.0,43.5,6.8,28.0,100.0,34.2,3.2,88.5
Ramanathapuram,100.0,34.4,3.0,22.5,100.0,25.1,1.6,70.6
Ramban,100.0,51.5,2.1,17.8,100.0,19.3,2.4,82.7
Ramgarh,100.0,50.1,3.8,11.0,100.0,39.8,3.6,60.0
Rampur,100.0,64.9,6.2,56.4,100.0,48.5,3.9,94.3
Ranchi,100.0,55.0,3.0,13.2,100.0,31.8,4.1,79.1
Rangareddy,100.0,25.5,2.2,43.5,100.0,16.2,0.7,96.0
Ratlam,100.0,57.7,3.5,13.4,100.0,27.5,1.4,82.8
Ratnagiri,100.0,28.7,4.1,67.2,100.0,16.6,1.9,82.0
Rayagada,100.0,69.7,5.7,6.6,100.0,35.8,4.3,60.5
Reasi,100.0,54.9,1.5,9.0,100.0,39.5,1.1,78.8
Rewa,100.0,34.7,2.1,17.8,100.0,21.8,2.4,59.5
Rewari,100.0,41.7,3.3,49.8,100.0,31.0,2.4,87.8
Ribhoi,100.0,53.9,5.9,64.1,100.0,34.1,3.1,91.4
Rohtak,100.0,49.3,4.7,58.4,100.0,33.3,2.7,92.1
Rohtas,100.0,57.7,6.4,21.1,100.0,41.8,5.9,68.4
Rudraprayag,100.0,19.8,1.9,51.0,100.0,9.7,0.3,91.6
Rupnagar,100.0,35.6,6.0,56.9,100.0,27.6,5.0,91.7
Sabar Kantha,100.0,41.1,2.1,31.1,100.0,27.1,1.6,76.7
Sagar,100.0,51.6,4.7,11.2,100.0,32.1,2.5,64.7
Saharanpur,100.0,46.5,5.7,42.9,100.0,37.3,3.1,92.0
Saharsa,100.0,64.3,6.6,12.5,100.0,43.1,7.4,67.6
Sahibganj,100.0,65.1,7.3,9.2,100.0,46.5,7.8,54.3
Sahibzada Ajit Singh Nagar,100.0,43.2,7.3,60.7,100.0,23.7,3.8,92.4
Saiha,100.0,32.4,5.2,87.0,100.0,28.7,2.3,97.6
Salem,100.0,32.2,2.3,14.6,100.0,24.4,1.3,54.9
Samastipur,100.0,59.2,9.7,17.0,100.0,38.6,6.5,70.2
Samba,100.0,30.5,3.3,26.0,100.0,17.8,1.1,70.7
Sambalpur,100.0,69.7,7.8,8.6,100.0,41.2,5.2,59.5
Sangli,100.0,27.4,5.1,60.5,100.0,25.3,2.4,77.6
Sangrur,100.0,45.7,6.1,78.6,100.0,34.4,4.7,92.0
Sant Kabir Nagar,100.0,43.4,10.2,12.3,100.0,37.9,6.4,49.7
Sant Ravidas Nagar (Bhadohi),100.0,47.7,6.2,12.6,100.0,44.0,5.7,55.6
Saraikela-Kharsawan,100.0,53.5,3.6,6.4,100.0,36.6,3.4,64.5
Saran,100.0,51.4,8.7,17.8,100.0,41.5,7.9,59.0
Satara,100.0,27.8,5.3,70.1,100.0,20.7,2.7,75.4
Satna,100.0,39.2,2.2,22.8,100.0,23.4,2.3,60.5
Sawai Madhopur,100.0,55.2,4.4,8.8,100.0,34.8,2.6,72.2
Sehore,100.0,43.6,6.6,21.7,100.0,31.3,2.5,79.1
Senapati,100.0,59.7,2.2,72.5,100.0,63.4,1.8,97.6
Seoni,100.0,45.1,4.9,15.2,100.0,27.7,3.5,73.9
Serchhip,100.0,52.0,6.2,96.4,100.0,46.6,9.6,99.4
Shahdol,100.0,44.2,2.9,7.6,100.0,29.2,2.7,63.7
Shahid Bhagat Singh Nagar,100.0,40.1,5.4,66.8,100.0,36.0,6.5,85.1
Shahjahanpur,100.0,61.5,12.0,27.0,100.0,49.7,8.2,85.9
Shajapur,100.0,56.7,4.4,13.4,100.0,32.1,2.4,66.7
Sheikhpura,100.0,60.0,9.4,24.3,100.0,44.7,7.4,52.2
Sheohar,100.0,59.6,3.4,19.8,100.0,45.0,8.0,36.9
Sheopur,100.0,60.4,5.3,5.8,100.0,40.6,3.2,57.2
Shimla,100.0,24.4,2.3,59.8,100.0,18.1,1.3,90.7
Shimoga,100.0,45.8,7.3,61.8,100.0,32.2,3.2,87.7
Shivpuri,100.0,54.3,4.2,5.6,100.0,31.5,2.8,65.7
Shrawasti,100.0,56.2,6.8,10.4,100.0,37.5,10.0,63.0
Shupiyan,100.0,33.2,5.9,59.0,100.0,34.4,3.3,94.8
Siddharthnagar,100.0,44.8,6.6,10.4,100.0,35.4,5.2,46.9
Sidhi,100.0,38.2,1.9,4.1,100.0,26.8,1.5,49.0
Sikar,100.0,31.4,2.8,40.2,100.0,26.9,1.6,84.7
Simdega,100.0,59.6,2.9,4.9,100.0,40.0,4.0,53.4
Sindhudurg,100.0,27.6,4.6,74.4,100.0,23.8,3.0,86.8
Singrauli,100.0,44.4,1.9,2.2,100.0,27.1,2.6,52.1
Sirmaur,100.0,30.9,2.8,56.9,100.0,19.7,1.0,96.1
Sirohi,100.0,50.8,6.9,16.2,100.0,26.8,1.9,68.2
Sirsa,100.0,41.7,5.9,87.5,100.0,33.0,4.1,95.9
Sitamarhi,100.0,58.7,6.2,18.7,100.0,41.8,6.5,60.5
Sitapur,100.0,61.9,12.1,11.9,100.0,42.4,8.5,72.0
Sivaganga,100.0,31.7,3.0,23.9,100.0,22.0,1.4,78.5
Sivasagar,100.0,60.3,6.1,71.9,100.0,36.4,3.9,93.2
Siwan,100.0,46.6,8.2,20.2,100.0,34.4,6.1,71.4
Solan,100.0,24.5,1.9,69.0,100.0,18.7,1.4,89.8
Solapur,100.0,29.6,7.8,32.1,100.0,30.8,1.9,60.9
Sonbhadra,100.0,55.8,1.8,13.7,100.0,34.4,4.7,70.7
Sonipat,100.0,50.2,4.7,56.2,100.0,35.6,3.4,92.2
Sonitpur,100.0,58.1,10.2,55.0,100.0,32.2,4.5,95.0
South,100.0,41.3,4.6,90.6,100.0,30.3,2.9,88.0
South Andaman,100.0,33.5,3.5,64.7,100.0,21.4,1.2,87.8
South District,100.0,45.3,5.9,84.9,100.0,15.3,0.9,97.9
South Garo Hills,100.0,51.2,4.0,63.4,100.0,41.9,2.7,87.4
South Goa,100.0,23.4,2.0,73.8,100.0,24.4,1.5,85.2
South Tripura,100.0,42.9,4.5,82.6,100.0,27.4,3.6,98.0
South Twenty Four Parganas,100.0,49.9,16.2,55.0,100.0,38.5,8.1,83.1
South West,100.0,35.5,3.3,87.7,100.0,27.7,2.6,91.2
Sri Potti Sriramulu Nellore,100.0,27.9,4.3,25.5,100.0,16.6,1.9,78.8
Srikakulam,100.0,32.1,3.5,12.8,100.0,21.4,1.7,65.9
Srinagar,100.0,38.4,6.3,88.7,100.0,23.2,2.2,98.1
Subarnapur,100.0,74.0,7.2,7.9,100.0,61.4,5.8,39.0
Sultanpur,100.0,49.8,8.6,13.1,100.0,29.7,4.4,72.9
Sundargarh,100.0,75.9,5.8,8.4,100.0,46.9,4.4,65.5
Supaul,100.0,62.1,4.9,9.1,100.0,51.8,7.8,46.8
Surat,100.0,30.9,1.2,49.9,100.0,19.8,0.5,93.8
Surendranagar,100.0,36.4,2.3,20.8,100.0,23.8,1.4,70.0
Surguja,100.0,49.0,2.1,21.5,100.0,29.4,1.6,61.3
Tamenglong,100.0,56.6,8.4,66.4,100.0,54.7,10.4,96.7
Tapi,100.0,36.3,1.0,23.0,100.0,29.8,0.8,77.5
Tarn Taran,100.0,55.7,8.1,64.8,100.0,43.6,7.1,87.7
Tawang,100.0,46.9,4.1,69.4,100.0,25.0,0.6,97.5
Tehri Garhwal,100.0,27.6,2.8,50.1,100.0,10.6,0.7,95.9
Thane,100.0,36.8,5.8,39.7,100.0,21.7,1.1,74.5
Thanjavur,100.0,43.1,4.5,28.8,100.0,28.7,2.0,74.8
The Dangs,100.0,36.3,1.1,25.3,100.0,26.8,0.7,57.8
The Nilgiris,100.0,34.6,2.1,42.3,100.0,36.4,1.9,58.9
Theni,100.0,35.2,2.1,24.8,100.0,29.9,1.3,52.0
Thiruvallur,100.0,32.4,3.3,28.3,100.0,18.1,1.0,88.8
Thiruvananthapuram,100.0,34.2,10.2,91.9,100.0,25.9,6.1,96.3
Thiruvarur,100.0,44.8,4.1,31.5,100.0,27.9,1.7,72.8
Thoothukkudi,100.0,33.5,2.0,28.2,100.0,23.2,1.3,73.1
Thoubal,100.0,33.5,5.5,91.7,100.0,26.8,5.2,94.1
Thrissur,100.0,35.2,5.1,96.9,100.0,28.5,4.1,98.3
Tikamgarh,100.0,44.7,2.9,3.9,100.0,32.9,2.7,45.2
Tinsukia,100.0,56.0,5.0,77.3,100.0,37.1,5.0,94.5
Tirap,100.0,43.3,1.0,85.6,100.0,47.2,1.5,91.9
Tiruchirappalli,100.0,29.8,2.4,24.0,100.0,21.4,1.2,74.2
Tirunelveli,100.0,30.3,1.6,33.2,100.0,25.1,1.1,62.9
Tiruppur,100.0,27.6,1.7,30.9,100.0,23.6,0.7,75.0
Tiruvannamalai,100.0,29.0,2.3,12.5,100.0,18.7,1.3,65.1
Tonk,100.0,54.1,1.9,6.9,100.0,36.3,2.5,65.7
Tuensang,100.0,55.0,3.4,49.8,100.0,53.9,3.1,88.8
Tumkur,100.0,40.9,5.8,18.3,100.0,27.9,2.5,82.5
Udaipur,100.0,60.1,3.8,9.3,100.0,22.0,1.2,86.2
Udalguri,100.0,59.9,10.7,41.5,100.0,35.3,7.2,89.8
Udham Singh Nagar,100.0,45.9,6.7,56.9,100.0,36.4,4.0,92.0
Udhampur,100.0,44.7,2.0,7.4,100.0,17.0,1.8,75.1
Udupi,100.0,34.5,4.2,83.6,100.0,25.0,2.1,96.0
Ujjain,100.0,54.9,3.8,17.9,100.0,30.1,1.9,83.6
Ukhrul,100.0,70.4,5.2,80.4,100.0,56.4,4.2,96.1
Umaria,100.0,47.2,4.2,5.8,100.0,28.3,2.1,55.2
Una,100.0,25.3,1.4,58.8,100.0,24.4,4.8,74.6
Unnao,100.0,59.0,7.3,15.8,100.0,44.2,5.1,71.7
Upper Siang,100.0,29.2,0.4,56.3,100.0,47.5,1.1,80.2
Upper Subansiri,100.0,62.9,2.5,34.4,100.0,38.5,1.2,85.1
Uttar Bastar Kanker,100.0,46.5,3.0,14.8,100.0,37.8,3.2,60.9
Uttar Dinajpur,100.0,57.9,12.4,20.6,100.0,40.0,14.6,80.6
Uttara Kannada,100.0,48.1,6.4,50.6,100.0,37.3,3.2,80.6
Uttarkashi,100.0,27.0,3.0,39.5,100.0,15.9,0.8,91.5
Vadodara,100.0,46.0,2.0,28.5,100.0,19.9,0.8,91.9
Vaishali,100.0,56.9,12.3,25.0,100.0,44.6,10.6,62.0
Valsad,100.0,39.7,1.3,27.6,100.0,24.6,0.9,76.0
Varanasi,100.0,47.6,6.7,27.1,100.0,35.8,3.5,89.0
Vellore,100.0,27.8,2.3,19.2,100.0,21.0,1.5,71.2
Vidisha,100.0,45.2,3.0,11.5,100.0,30.6,2.1,71.5
Viluppuram,100.0,36.0,2.0,13.2,100.0,23.8,1.5,65.6
Virudhunagar,100.0,27.0,1.7,14.6,100.0,19.3,0.9,46.9
Visakhapatnam,100.0,29.7,3.2,21.4,100.0,17.0,1.1,83.5
Vizianagaram,100.0,30.9,3.3,10.7,100.0,20.0,1.9,66.4
Warangal,100.0,38.8,8.5,29.7,100.0,23.7,2.9,82.4
Wardha,100.0,43.7,9.5,47.2,100.0,24.0,3.7,78.4
Washim,100.0,46.3,6.7,27.5,100.0,35.7,2.6,67.3
Wayanad,100.0,35.4,9.0,91.7,100.0,40.0,5.5,95.3
West,100.0,48.3,1.8,87.1,100.0,28.8,2.8,89.9
West District,100.0,51.6,7.9,84.1,100.0,15.4,6.6,89.3
West Garo Hills,100.0,49.0,5.5,56.3,100.0,34.1,6.3,93.9
West Godavari,100.0,30.0,4.8,58.9,100.0,21.1,2.2,88.7
West Kameng,100.0,48.3,2.5,38.9,100.0,41.7,3.0,87.4
West Khasi Hills,100.0,56.1,9.2,40.8,100.0,46.8,4.6,90.5
West Siang,100.0,41.2,0.8,71.1,100.0,30.0,2.1,95.6
West Tripura,100.0,41.4,4.0,85.2,100.0,32.2,3.6,98.1
Wokha,100.0,51.6,1.0,59.5,100.0,21.7,0.2,96.7
Y.S.R.,100.0,21.9,2.6,28.4,100.0,18.6,1.1,79.1
Yadgir,100.0,51.2,5.5,4.3,100.0,34.4,2.9,40.2
Yamunanagar,100.0,47.1,6.4,46.0,100.0,33.9,4.0,91.9
Yanam,,,,,100.0,15.4,0.7,81.9
Yavatmal,100.0,46.9,8.1,21.8,100.0,29.3,3.9,68.2
Zunheboto,100.0,44.2,1.7,71.7,100.0,36.1,0.2,94.4
